pageid,party,wikidataid,wikititle,name,sex,ethnicity,religion,birth,death,birthplace,deathplace,Number_Sessions_Served,Session_113,Session_114,Session_115,Session_116
25016198,R,Q4954892,Bradley_Byrne,Bradley Byrne,male,white,,1955-02-16,,"30.72767,-88.05267",,4,True,True,True,True
29218153,R,Q439117,Martha_Roby,Martha Roby,female,white,,1976-07-26,,"32.36167,-86.27917",,4,True,True,True,True
407888,R,Q693238,Mike_Rogers_(Alabama_politician),Mike D. Rogers,male,white,protestantism baptist,1958-07-16,,"41.6111,-87.4931",,4,True,True,True,True
407889,R,Q672671,Robert_Aderholt,Robert Aderholt,male,white,protestantism methodist,1965-07-22,,"34.23013,-87.61898",,4,True,True,True,True
27586834,R,Q1941306,Mo_Brooks,Mo Brooks,male,white,,1954-04-29,,"32.77611,-79.9325",,4,True,True,True,True
22136277,D,Q461621,Terri_Sewell,Terri Sewell,female,black,,1965-01-01,,"34.71361,-86.58611",,4,True,True,True,True
407894,R,Q1239590,Don_Young,Don Young,male,white,anglicanism,1933-06-09,,"39.14056,-121.90778",,4,True,True,True,True
10896845,D,Q558460,Ann_Kirkpatrick,Ann Kirkpatrick,female,white,,1950-03-24,,"35.19917,-111.63111",,3,True,True,,True
408529,D,Q946606,Raúl_Grijalva,Raúl M. Grijalva,male,hispanic,catholicism,1948-02-19,,"32.22167,-110.92639",,4,True,True,True,True
28573666,R,Q2059832,Paul_Gosar,Paul Gosar,male,white,,1958-11-27,,"41.585,-109.22139",,4,True,True,True,True
1024530,R,Q1909268,Matt_Salmon,Matt Salmon,male,white,protestantism restorationism,1958-01-21,,"40.75,-111.88333",,2,True,True,,
16166136,R,Q1176561,David_Schweikert,David Schweikert,male,white,,1962-03-03,,"34.05,-118.25",,4,True,True,True,True
407918,R,Q1397303,Trent_Franks,Trent Franks,male,white,protestantism baptist,1957-06-19,,"38.36833,-108.73639",,3,True,True,True,
16084037,D,Q1556541,Kyrsten_Sinema,Kyrsten Sinema,female,white,atheism,1976-07-12,,"32.22167,-110.92639",,3,True,True,True,
28573959,R,Q2151554,Rick_Crawford_(politician),Rick Crawford,male,white,,1966-01-22,,"25.46872,-80.47756",,4,True,True,True,True
28033707,R,Q1029527,Steve_Womack,Steve Womack,male,white,,1957-02-18,,"35.2783,-93.1369",,4,True,True,True,True
9434506,R,Q1703840,Doug_LaMalfa,Doug LaMalfa,male,white,,1960-07-02,,"39.51389,-121.3925",,4,True,True,True,True
7432015,D,Q3276717,Jared_Huffman,Jared Huffman,male,white,,1964-02-18,,"39.08333,-94.41667",,4,True,True,True,True
1602620,D,Q1340268,John_Garamendi,John Garamendi,male,hispanic,,1945-01-24,,"29.9519,-81.9799",,4,True,True,True,True
295706,R,Q535887,Tom_McClintock,Tom McClintock,male,white,,1956-07-10,,"40.94,-73.82611",,4,True,True,True,True
408609,D,Q1323196,Mike_Thompson_(California_politician),Mike Thompson,male,white,catholicism,1951-01-24,,"38.50278,-122.46972",,4,True,True,True,True
1548355,D,Q399561,Doris_Matsui,Doris Matsui,female,asian,protestantism methodist,1944-09-25,,,,4,True,True,True,True
28670879,D,Q3389105,Ami_Bera,Ami Bera,male,asian,protestantism unitarian,1965-03-02,,"34.05,-118.25",,4,True,True,True,True
9435059,R,Q3408766,Paul_Cook_(politician),Paul Cook,male,white,,1943-03-03,,"41.53667,-72.79472",,4,True,True,True,True
2712157,D,Q1344743,Jerry_McNerney,Jerry McNerney,male,white,,1951-06-18,,"35.11667,-106.61667",,4,True,True,True,True
10183550,R,Q1686295,Jeff_Denham,Jeff Denham,male,white,,1967-07-29,,"33.91721,-118.34861",,3,True,True,True,
147301,D,Q170581,Nancy_Pelosi,Nancy Pelosi,female,white,catholicism,1940-03-26,,"39.28639,-76.615",,4,True,True,True,True
408652,D,Q289317,Barbara_Lee,Barbara Lee,female,white,protestantism baptist,1946-07-16,,"31.79028,-106.42333",,4,True,True,True,True
2070255,D,Q218544,Jackie_Speier,Jackie Speier,female,white,,1950-05-14,,"37.76667,-122.43333",,4,True,True,True,True
37076719,D,Q3466996,Eric_Swalwell,Eric Swalwell,male,white,,1980-11-16,,"42.42111,-94.995",,4,True,True,True,True
1162310,D,Q675869,Jim_Costa,Jim Costa,male,white,catholicism,1952-04-13,,"36.78167,-119.79222",,4,True,True,True,True
383758,D,Q399621,Mike_Honda,Mike Honda,male,asian,protestantism,1941-06-27,,"38.2436,-121.512",,2,True,True,,
408815,D,Q291193,Anna_Eshoo,Anna G. Eshoo,female,white,catholicism,1942-12-13,,"41.675,-72.78722",,4,True,True,True,True
408829,D,Q218217,Zoe_Lofgren,Zoe Lofgren,female,white,protestantism lutheran,1947-12-21,,"37.55417,-122.31306",,4,True,True,True,True
408843,D,Q675348,Sam_Farr,Sam Farr,male,white,anglicanism,1941-07-04,,"37.76667,-122.43333",,2,True,True,,
30109055,R,Q3528567,David_Valadao,David Valadao,male,white,,1977-04-14,,"36.3275,-119.64556",,3,True,True,True,
408872,R,Q539493,Devin_Nunes,Devin Nunes,male,white,catholicism,1973-10-01,,"36.20667,-119.3425",,4,True,True,True,True
2337119,R,Q766866,Kevin_McCarthy_(California_politician),Kevin McCarthy,male,white,,1965-01-26,,"35.40583,-119.01861",,4,True,True,True,True
408884,D,Q459693,Lois_Capps,Lois Capps,female,white,protestantism lutheran,1938-01-10,,"45.46389,-91.1",,2,True,True,,
9140038,D,Q3577073,Julia_Brownley,Julia Brownley,female,white,,1952-08-28,,"33.54944,-81.72056",,4,True,True,True,True
7197854,D,Q460035,Judy_Chu,Judy Chu,female,asian,,1953-07-07,,"34.05,-118.25",,4,True,True,True,True
408932,D,Q350843,Adam_Schiff,Adam Schiff,male,white,judaism,1960-06-22,,"42.27917,-71.41667",,4,True,True,True,True
4680057,D,Q3620422,Tony_Cárdenas,Tony Cardenas,male,hispanic,,1963-03-31,,"34.2625,-118.42611",,4,True,True,True,True
408917,D,Q672919,Brad_Sherman,Brad Sherman,male,white,judaism,1954-10-24,,"34.04917,-118.13556",,4,True,True,True,True
409037,D,Q469139,Grace_Napolitano,Grace Napolitano,female,hispanic,catholicism,1936-12-04,,"25.93028,-97.48444",,4,True,True,True,True
408979,D,Q1855840,Xavier_Becerra,Xavier Becerra,male,hispanic,catholicism,1958-01-26,,"38.57528,-121.48611",,3,True,True,True,
4908339,D,Q3701994,Raul_Ruiz_(politician),Raul Ruiz,male,hispanic,,1972-08-25,,"22.77167,-102.57528",,4,True,True,True,True
8722536,D,Q461739,Karen_Bass,Karen Bass,female,black,,1953-10-03,,"34.05,-118.25",,4,True,True,True,True
409644,D,Q291143,Linda_Sánchez,Linda Sánchez,female,hispanic,catholicism,1969-01-28,,"33.80306,-117.8325",,4,True,True,True,True
409649,R,Q1282477,Ed_Royce,Edward R. Royce,male,white,catholicism,1951-10-12,,"34.05,-118.25",,3,True,True,True,
409003,D,Q469115,Lucille_Roybal-Allard,Lucille Roybal-Allard,female,hispanic,catholicism,1941-06-12,,"34.03389,-118.20444",,4,True,True,True,True
37017445,D,Q399593,Mark_Takano,Mark Takano,male,asian,,1960-12-10,,"33.94806,-117.39613",,4,True,True,True,True
409679,R,Q538978,Ken_Calvert,Ken Calvert,male,white,protestantism,1953-06-08,,"33.86667,-117.56667",,4,True,True,True,True
409013,D,Q461727,Maxine_Waters,Maxine Waters,female,black,catholicism,1938-08-15,,"38.74028,-90.32306",,4,True,True,True,True
3489138,D,Q512071,Janice_Hahn,Janice Hahn,female,white,protestantism restorationism,1952-03-30,,"34.05,-118.25",,2,True,True,,
70964,D,Q469094,Loretta_Sanchez,Loretta Sanchez,female,hispanic,catholicism,1960-01-07,,"33.92472,-118.20194",,2,True,True,,
8792865,D,Q3740782,Alan_Lowenthal,Alan Lowenthal,male,white,,1941-03-08,,"40.72833,-73.99417",,4,True,True,True,True
8953,R,Q983055,Dana_Rohrabacher,Dana Rohrabacher,male,white,catholicism,1947-06-21,,"32.67806,-117.1725",,3,True,True,True,
296002,R,Q1166592,Darrell_Issa,Darrell Issa,male,white,orthodox eastern,1953-11-01,,"41.48222,-81.66972",,3,True,True,True,
17910806,R,Q540521,Duncan_D._Hunter,Duncan Hunter,male,white,protestantism baptist,1976-12-07,,"32.715,-117.1625",,4,True,True,True,True
2359039,D,Q3791701,Juan_Vargas,Juan Vargas,male,hispanic,catholicism,1961-03-07,,"32.67806,-117.09917",,4,True,True,True,True
11933452,D,Q3791514,Scott_Peters_(politician),Scott Peters,male,white,,1958-06-17,,"39.92694,-83.80417",,4,True,True,True,True
409734,D,Q460675,Susan_Davis_(politician),Susan Davis,female,white,judaism,1944-04-13,,"42.375,-71.10611",,4,True,True,True,True
410119,D,Q437159,Diana_DeGette,Diana DeGette,female,white,protestantism reformed,1957-07-29,,"35.69389,139.41944",,4,True,True,True,True
10422827,D,Q935734,Jared_Polis,Jared Polis,male,white,judaism,1975-05-12,,"40.01944,-105.29278",,3,True,True,True,
4176183,R,Q782994,Scott_Tipton,Scott Tipton,male,white,,1956-11-09,,"36.00194,-106.06472",,4,True,True,True,True
6144369,R,Q371106,Doug_Lamborn,Doug Lamborn,male,white,,1954-05-24,,"39.3111,-94.9225",,4,True,True,True,True
14797593,R,Q547218,Mike_Coffman,Mike Coffman,male,white,protestantism methodist,1955-03-19,,"37.73806,-92.11722",,3,True,True,True,
2564157,D,Q331507,Ed_Perlmutter,Ed Perlmutter,male,white,,1953-05-01,,"39.73917,-104.98472",,4,True,True,True,True
410165,D,Q357832,John_B._Larson,John Larson,male,white,catholicism,1948-07-22,,"41.76333,-72.685",,4,True,True,True,True
2274386,D,Q434470,Joe_Courtney_(politician),Joe Courtney,male,white,catholicism,1953-04-06,,"41.76333,-72.685",,4,True,True,True,True
410173,D,Q434952,Rosa_DeLauro,Rosa L. DeLauro,female,white,catholicism,1943-03-02,,"41.30833,-72.925",,4,True,True,True,True
16126047,D,Q1689111,Jim_Himes,Jim Himes,male,white,,1966-07-05,,"-12.05,-77.03333",,4,True,True,True,True
36733622,D,Q3090454,Elizabeth_Esty,Elizabeth Esty,female,white,,1959-08-25,,"41.88333,-87.8",,3,True,True,True,
850593,D,Q505302,John_Carney_(politician),John Carney,male,white,,1956-05-20,,"39.74833,-75.55139",,2,True,True,,
410958,R,Q970478,Jeff_Miller_(Florida_politician),Jeff Miller,male,white,protestantism methodist,1959-06-27,,"27.77306,-82.64",,2,True,True,,
35461981,R,Q3090476,Ted_Yoho,Ted Yoho,male,white,catholicism,1955-04-13,,"44.9733,-93.2643",,4,True,True,True,True
410973,R,Q490511,Ander_Crenshaw,Ander Crenshaw,male,white,anglicanism,1944-09-01,,"30.31667,-81.65",,2,True,True,,
410969,D,Q461512,Corrine_Brown,Corrine Brown,female,black,protestantism baptist,1946-11-11,,"30.31667,-81.65",,2,True,True,,
36729527,R,Q3105215,Ron_DeSantis,Ron DeSantis,male,white,,1978-09-14,,"30.31667,-81.65",,3,True,True,True,
410984,R,Q918506,John_Mica,John L. Mica,male,white,anglicanism,1943-01-27,,"42.10222,-75.91167",,2,True,True,,
9255511,R,Q862373,Bill_Posey,Bill Posey,male,white,protestantism methodist,1947-12-18,,"38.895,-77.03667",,4,True,True,True,True
18618244,D,Q1281084,Alan_Grayson,Alan Grayson,male,white,,1958-03-13,,"40.84676,-73.87321",,2,True,True,,
13719578,R,Q1163099,Daniel_Webster_(Florida_politician),Daniel Webster,male,white,,1949-04-27,,"38.34722,-81.63333",,4,True,True,True,True
28722107,R,Q2148853,Rich_Nugent,Rich Nugent,male,white,,1951-05-26,,"41.88194,-87.62778",,2,True,True,,
5648306,R,Q1555314,Gus_Bilirakis,Gus Bilirakis,male,white,orthodox eastern,1963-02-08,,"29.66528,-82.33611",,4,True,True,True,True
41148509,R,Q15963996,David_Jolly,David Jolly,male,white,,1972-10-31,,"28.02528,-82.77528",,2,True,True,,
5508806,D,Q458492,Kathy_Castor,Kathy Castor,female,white,,1966-08-20,,"25.78333,-80.21667",,4,True,True,True,True
26807966,R,Q1188940,Dennis_Ross_(politician),Dennis Ross,male,white,,1959-10-18,,"28.04111,-81.95889",,3,True,True,True,
6870542,R,Q2517229,Vern_Buchanan,Vern Buchanan,male,white,,1951-05-08,,"42.33167,-83.0475",,4,True,True,True,True
19107850,R,Q506110,Tom_Rooney_(Florida_politician),Tom Rooney,male,white,,1970-11-21,,"39.95278,-75.16361",,3,True,True,True,
36464787,D,Q3182011,Patrick_Murphy_(Florida_politician),Patrick Murphy,male,white,,1983-03-30,,"25.78333,-80.21667",,2,True,True,,
42561147,R,Q16728087,Curt_Clawson,Curt Clawson,male,white,,1959-09-28,,"47.24139,-122.45944",,2,True,True,,
411264,D,Q1758631,Alcee_Hastings,Alcee L. Hastings,male,black,protestantism methodist,1936-09-05,,"28.66139,-81.39194",,4,True,True,True,True
13719052,D,Q245724,Ted_Deutch,Ted Deutch,male,white,,1966-05-07,,"40.62611,-75.37556",,4,True,True,True,True
31254090,D,Q3182451,Lois_Frankel,Lois Frankel,female,white,,1948-05-17,,"40.67,-73.94",,4,True,True,True,True
1164072,D,Q50104,Debbie_Wasserman_Schultz,Debbie Wasserman Schultz,female,white,judaism,1966-09-27,,"40.71611,-73.85",,4,True,True,True,True
13719198,D,Q461504,Frederica_Wilson,Frederica Wilson,female,black,,1942-11-05,,"25.78333,-80.21667",,4,True,True,True,True
411276,R,Q767270,Mario_Díaz-Balart,Mario Diaz-Balart,male,hispanic,catholicism,1961-09-25,,"26.13583,-80.14194",,4,True,True,True,True
411238,R,Q265791,Ileana_Ros-Lehtinen,Ileana Ros-Lehtinen,female,hispanic,catholicism,1952-07-15,,"23.11667,-82.38333",,3,True,True,True,
411731,D,Q983428,Sanford_Bishop,"Sanford D. Bishop, Jr.",male,black,protestantism baptist,1947-02-04,,"30.72767,-88.05267",,4,True,True,True,True
6031063,D,Q983537,Hank_Johnson,Hank Johnson,male,black,soka gakkai,1954-10-02,,"38.895,-77.03667",,4,True,True,True,True
411737,D,Q45380,John_Lewis_(civil_rights_leader),John Lewis,male,black,protestantism baptist,1940-02-21,,"31.80196,-85.96732",,4,True,True,True,True
1394576,R,Q1415243,Tom_Price_(American_politician),Tom Price,male,white,protestantism reformed,1954-10-08,,"42.7335,-84.5467",,3,True,True,True,
28722293,R,Q2156128,Rob_Woodall,Rob Woodall,male,white,,1970-02-11,,"33.95528,-83.38306",,4,True,True,True,True
23939531,R,Q781167,Austin_Scott_(politician),Austin Scott,male,white,,1969-12-10,,"33.47,-81.975",,4,True,True,True,True
36893778,R,Q3162841,Doug_Collins_(politician),Doug Collins,male,white,,1966-08-16,,"34.3044,-83.8339",,4,True,True,True,True
411853,D,Q132071,David_Scott_(Georgia_politician),David Scott,male,black,protestantism baptist,1945-06-27,,"33.99778,-79.2025",,4,True,True,True,True
27452031,R,Q1647301,Tom_Graves,Tom Graves,male,white,,1970-02-03,,"27.77306,-82.64",,4,True,True,True,True
14176557,D,Q276359,Colleen_Hanabusa,Colleen Hanabusa,female,asian,,1951-05-04,,"21.30889,-157.82611",,3,True,True,True,
26328774,D,Q32620,Tulsi_Gabbard,Tulsi Gabbard,female,islander,hindu,1981-04-12,,"-14.2667,-170.667",,4,True,True,True,True
27569965,R,Q555393,Raúl_Labrador,Raul Labrador,male,hispanic,protestantism restorationism,1967-12-08,,"18.38889,-65.96667",,3,True,True,True,
411870,R,Q549521,Mike_Simpson,Michael K. Simpson,male,white,protestantism restorationism,1950-09-08,,"42.53611,-113.79278",,4,True,True,True,True
411889,D,Q888599,Bobby_Rush,Bobby Rush,male,black,protestantism,1946-11-23,,"31.58222,-84.16556",,4,True,True,True,True
6520375,D,Q3437091,Robin_Kelly,Robin Kelly,female,black,,1956-04-30,,"40.67,-73.94",,4,True,True,True,True
1422461,D,Q518424,Dan_Lipinski,Dan Lipinski,male,white,catholicism,1966-07-15,,"41.88194,-87.62778",,4,True,True,True,True
412017,D,Q718127,Luis_Gutiérrez,Luis V. Gutierrez,male,hispanic,catholicism,1953-12-10,,"41.88194,-87.62778",,3,True,True,True,
5895960,D,Q465767,Mike_Quigley_(politician),Michael Quigley,male,white,,1958-10-17,,"39.76778,-86.15806",,4,True,True,True,True
7840313,R,Q968214,Peter_Roskam,Peter Roskam,male,white,,1961-09-13,,"41.80056,-87.92806",,3,True,True,True,
412062,D,Q1164657,Danny_K._Davis,Danny K. Davis,male,black,protestantism baptist,1941-09-06,,"33.12167,-91.5475",,4,True,True,True,True
3691615,D,Q3036410,Tammy_Duckworth,Tammy Duckworth,female,asian,,1968-03-12,,"13.75,100.51667",,2,True,True,,
412083,D,Q440885,Jan_Schakowsky,Janice D. Schakowsky,female,white,judaism,1944-05-26,,"41.88194,-87.62778",,4,True,True,True,True
32511166,D,Q2923426,Brad_Schneider,Brad Schneider,male,white,,1961-08-20,,"39.73917,-104.98472",,3,True,,True,True
11728202,D,Q2903389,Bill_Foster_(politician),Bill Foster,male,white,,1955-10-07,,"43.07472,-89.38444",,4,True,True,True,True
35907710,R,Q134035,Rodney_Davis_(politician),Rodney L. Davis,male,white,,1970-01-05,,"41.59083,-93.62083",,4,True,True,True,True
7019059,R,Q556404,Randy_Hultgren,Randy Hultgren,male,white,,1966-03-01,,"42.01167,-87.84139",,3,True,True,True,
412158,R,Q1701747,John_Shimkus,John Shimkus,male,white,protestantism lutheran,1958-02-21,,"38.6744,-89.9953",,4,True,True,True,True
22201400,R,Q349955,Adam_Kinzinger,Adam Kinzinger,male,white,,1978-02-27,,"41.12,-87.86",,4,True,True,True,True
35915364,D,Q723148,Cheri_Bustos,Cheri Bustos,female,white,,1961-10-17,,"39.78333,-89.65028",,4,True,True,True,True
7150289,R,Q302659,Aaron_Schock,Aaron Schock,male,white,,1981-05-28,,"45.58611,-95.91389",,2,True,True,,
391317,D,Q514660,Pete_Visclosky,Peter J. Visclosky,male,white,catholicism,1949-08-13,,"41.58083,-87.34556",,4,True,True,True,True
7426512,R,Q3157413,Jackie_Walorski,Jackie Walorski,female,white,protestantism evangelical,1963-08-17,,"41.67639,-86.25028",,4,True,True,True,True
23755018,R,Q1902106,Marlin_Stutzman,Marlin Stutzman,male,white,,1976-08-31,,"41.79917,-85.41917",,2,True,True,,
4146159,R,Q1521384,Todd_Rokita,Todd Rokita,male,white,,1970-02-09,,"41.88194,-87.62778",,3,True,True,True,
35769832,R,Q3225324,Susan_Brooks,Susan Brooks,female,white,,1960-08-25,,"41.36699,-85.05886",,4,True,True,True,True
37017674,R,Q3225316,Luke_Messer,Luke Messer,male,white,,1969-02-27,,"37.97472,-87.55583",,3,True,True,True,
30205998,D,Q517649,André_Carson,André Carson,male,black,islam,1974-10-16,,"39.76778,-86.15806",,4,True,True,True,True
27864627,R,Q944286,Larry_Bucshon,Larry Bucshon,male,white,protestantism lutheran,1962-05-31,,"39.54083,-89.28806",,4,True,True,True,True
29303304,R,Q25483,Todd_Young,Todd Young,male,white,,1972-08-24,,"40.03972,-76.30444",,2,True,True,,
6872479,D,Q771586,Dave_Loebsack,David Loebsack,male,white,,1952-12-23,,"42.49806,-96.39556",,4,True,True,True,True
412938,R,Q749710,Steve_King,Steve King,male,white,catholicism,1949-05-28,,"42.64361,-95.20194",,4,True,True,True,True
21742054,R,Q2434073,Tim_Huelskamp,Tim Huelskamp,male,white,,1968-11-11,,"37.3822,-100.195",,2,True,True,,
10466619,R,Q456217,Lynn_Jenkins,Lynn Jenkins,female,white,,1963-06-10,,"39.4669,-95.7369",,3,True,True,True,
23413675,R,Q187037,Kevin_Yoder,Kevin Yoder,male,white,,1976-01-08,,"38.0656,-97.9236",,3,True,True,True,
28254761,R,Q473239,Mike_Pompeo,Mike Pompeo,male,white,protestantism reformed,1963-12-30,,"33.80306,-117.8325",,3,True,True,True,
412960,R,Q544795,Ed_Whitfield,Ed Whitfield,male,white,protestantism methodist,1943-05-25,,"36.85444,-87.48861",,2,True,True,,
16905071,R,Q910794,Brett_Guthrie,Brett Guthrie,male,white,,1964-02-18,,"34.82028,-87.66278",,4,True,True,True,True
3983746,D,Q699970,John_Yarmuth,John Yarmuth,male,white,judaism,1947-11-04,,"38.25417,-85.76028",,4,True,True,True,True
28005891,R,Q2426031,Thomas_Massie,Thomas Massie,male,white,,1971-01-13,,"38.42083,-82.42361",,4,True,True,True,True
414448,R,Q547153,Hal_Rogers,Hal Rogers,male,white,protestantism baptist,1937-12-31,,"36.76889,-84.76722",,4,True,True,True,True
37570631,R,Q3828645,Andy_Barr_(American_politician),Andy Barr,male,white,,1973-07-24,,"38.02972,-84.49472",,4,True,True,True,True
4228818,R,Q1857141,Steve_Scalise,Steve Scalise,male,white,,1965-10-06,,"29.96667,-90.05",,4,True,True,True,True
26323292,D,Q561284,Cedric_Richmond,Cedric Richmond,male,black,,1973-09-13,,"29.96667,-90.05",,4,True,True,True,True
1357142,R,Q972735,Charles_Boustany,Charles Boustany,male,white,anglicanism,1956-02-21,,"29.96667,-90.05",,2,True,True,,
20334913,R,Q1699486,John_Fleming_(American_politician),John Fleming,male,white,,1951-07-05,,"32.37472,-88.70417",,2,True,True,,
1609874,D,Q457243,Chellie_Pingree,Chellie Pingree,female,white,protestantism evangelical,1955-04-02,,"44.9733,-93.2643",,4,True,True,True,True
9338058,R,Q506639,Andy_Harris_(politician),Andrew Harris,male,white,,1957-01-25,,"40.69278,-73.99028",,4,True,True,True,True
414531,D,Q981559,Dutch_Ruppersberger,Dutch Ruppersberger,male,white,protestantism methodist,1946-01-31,,"39.28639,-76.615",,4,True,True,True,True
3227358,D,Q984509,John_Sarbanes,John Sarbanes,male,white,,1962-05-22,,"39.28639,-76.615",,4,True,True,True,True
5548283,D,Q461663,Donna_Edwards,Donna Edwards,female,black,,1958-06-28,,"36.40694,-79.34167",,2,True,True,,
414552,D,Q516515,Steny_Hoyer,Steny H. Hoyer,male,white,protestantism baptist,1939-06-14,,"40.67,-73.94",,4,True,True,True,True
35845613,D,Q2688821,John_Delaney_(Maryland_politician),John Delaney,male,white,catholicism,1963-04-16,,"40.85028,-74.0875",,3,True,True,True,
414574,D,Q934898,Elijah_Cummings,Elijah Cummings,male,black,protestantism baptist,1951-01-18,,"39.28639,-76.615",,4,True,True,True,True
414579,D,Q1077819,Chris_Van_Hollen,Chris Van Hollen,male,white,anglicanism,1959-01-10,,"24.86,67.01",,2,True,True,,
440800,D,Q1464697,Richard_Neal,Richard E. Neal,male,white,catholicism,1949-02-14,,"42.11241,-72.54745",,4,True,True,True,True
440807,D,Q1337459,Jim_McGovern_(American_politician),Jim McGovern,male,white,catholicism,1959-11-20,,"42.27139,-71.79889",,4,True,True,True,True
10718917,D,Q440246,Niki_Tsongas,Niki Tsongas,female,white,anglicanism,1946-04-26,,"39.74,-121.83556",,3,True,True,True,
34500244,D,Q1707784,Joe_Kennedy_III,Joseph P. Kennedy III,male,white,,1980-10-04,,"42.35,-71.16",,4,True,True,True,True
29642899,D,Q6376330,Katherine_Clark,Katherine Clark,female,white,,1963-07-17,,"41.30833,-72.925",,4,True,True,True,True
440835,D,Q551578,Mike_Capuano,Mike Capuano,male,white,catholicism,1952-01-09,,"42.3875,-71.1",,3,True,True,True,
440836,D,Q2344921,Stephen_F._Lynch,Stephen Lynch,male,white,catholicism,1955-03-31,,"42.35778,-71.06167",,4,True,True,True,True
25616173,D,Q775412,Bill_Keating_(politician),William Keating,male,white,,1952-09-06,,"42.19444,-71.2",,4,True,True,True,True
26764267,R,Q1158992,Dan_Benishek,Dan Benishek,male,white,,1952-04-20,,"46.09278,-88.64222",,2,True,True,,
21118339,R,Q862199,Bill_Huizenga,Bill Huizenga,male,white,,1969-01-31,,"42.8125,-86.01861",,4,True,True,True,True
27476249,R,Q1714165,Justin_Amash,Justin Amash,male,white,,1980-04-18,,"42.96125,-85.65572",,4,True,True,True,True
37018031,D,Q3880272,Dan_Kildee,Dan Kildee,male,white,,1958-08-11,,"43.01889,-83.69333",,4,True,True,True,True
468360,R,Q505236,Fred_Upton,Fred Upton,male,white,protestantism,1953-04-23,,"42.09806,-86.48417",,4,True,True,True,True
5203142,R,Q978618,Tim_Walberg,Tim Walberg,male,white,,1951-04-12,,"41.88194,-87.62778",,4,True,True,True,True
542020,D,Q971943,Sander_Levin,Sander M. Levin,male,white,judaism,1931-09-06,,"42.33167,-83.0475",,3,True,True,True,
960677,R,Q435777,Candice_Miller,Candice S. Miller,female,white,protestantism reformed,1954-05-07,,"42.49556,-82.90028",,2,True,True,,
501512,D,Q1370968,John_Conyers,"John Conyers, Jr.",male,black,protestantism baptist,1929-05-16,,"42.33167,-83.0475",,3,True,True,True,
2216593,D,Q2434360,Tim_Walz,Tim Walz,male,white,protestantism lutheran,1964-04-06,,"41.83972,-96.71139",,3,True,True,True,
493413,R,Q465843,John_Kline_(politician),John Kline,male,white,protestantism methodist,1947-09-06,,"40.6,-75.48333",,2,True,True,,
16834676,R,Q466085,Erik_Paulsen,Erik Paulsen,male,white,protestantism lutheran,1965-05-14,,"35.40583,-119.01861",,3,True,True,True,
404905,D,Q434893,Betty_McCollum,Betty McCollum,female,white,catholicism,1954-07-12,,"44.9733,-93.2643",,4,True,True,True,True
5437748,D,Q40589,Keith_Ellison,Keith Ellison,male,black,islam,1963-08-04,,"42.33167,-83.0475",,3,True,True,True,
493581,D,Q434458,Collin_Peterson,Collin C. Peterson,male,white,protestantism lutheran,1944-06-29,,"46.87722,-96.78944",,4,True,True,True,True
5340870,D,Q2151594,Rick_Nolan,Richard Nolan,male,white,,1943-12-17,,"46.35806,-94.20083",,3,True,True,True,
22778541,R,Q24043,Alan_Nunnelee,Alan Nunnelee,male,white,,1958-10-09,2015-02-06,"34.25944,-88.72556","34.25944,-88.72556",2,True,True,,
699361,D,Q817877,Bennie_Thompson,Bennie G. Thompson,male,black,protestantism methodist,1948-01-28,,"32.3517,-90.46",,4,True,True,True,True
16805091,R,Q1545023,Gregg_Harper,Gregg Harper,male,white,,1956-06-01,,"32.29889,-90.18472",,3,True,True,True,
27586261,R,Q24230,Steven_Palazzo,Steven Palazzo,male,white,,1970-02-21,,"30.4,-89.06667",,4,True,True,True,True
409204,D,Q959455,Lacy_Clay,"William Lacy Clay, Jr.",male,white,catholicism,1956-07-27,,"38.61667,-90.2",,4,True,True,True,True
2592512,R,Q3917251,Ann_Wagner,Ann Wagner,female,white,,1962-09-13,,"38.61667,-90.2",,4,True,True,True,True
19976669,R,Q522181,Blaine_Luetkemeyer,Blaine Luetkemeyer,male,white,,1952-05-07,,"38.57667,-92.17361",,4,True,True,True,True
25663335,R,Q375389,Vicky_Hartzler,Vicky Hartzler,female,white,,1960-10-13,,"38.4825,-94.3525",,4,True,True,True,True
1160411,D,Q1334654,Emanuel_Cleaver,Emanuel Cleaver,male,black,protestantism methodist,1944-10-26,,"32.39972,-96.84722",,4,True,True,True,True
961504,R,Q465638,Sam_Graves,Sam Graves,male,white,protestantism baptist,1963-11-07,,"40.4411,-95.3828",,4,True,True,True,True
29477282,R,Q863171,Billy_Long,Bill Long,male,white,protestantism reformed,1955-08-11,,"37.195,-93.28611",,4,True,True,True,True
30501036,R,Q6163589,Jason_Smith_(politician),Jason T. Smith,male,white,,1980-06-16,,"38.61667,-90.2",,4,True,True,True,True
1184436,R,Q1397331,Jeff_Fortenberry,Jeff Fortenberry,male,white,catholicism,1960-12-27,,"30.4475,-91.17861",,4,True,True,True,True
4484938,R,Q373443,Adrian_Smith_(politician),Adrian Smith,male,white,,1970-12-19,,"41.86722,-103.66083",,4,True,True,True,True
2495543,D,Q524440,Dina_Titus,Dina Titus,female,white,,1950-05-23,,"30.8364,-83.9783",,4,True,True,True,True
13224106,R,Q23944,Mark_Amodei,Mark Amodei,male,white,,1958-06-12,,"39.16083,-119.75389",,4,True,True,True,True
13256777,R,Q24243,Joe_Heck,Joe Heck,male,white,catholicism,1961-10-30,,"40.70355,-73.80203",,2,True,True,,
13272531,D,Q3514907,Steven_Horsford,Steven Horsford,male,black,,1973-04-29,,"36.16917,-115.14472",,2,True,,,True
6178742,D,Q434112,Carol_Shea-Porter,Carol Shea-Porter,female,white,catholicism,1952-12-02,,"40.67,-73.94",,2,True,,True,
23101972,D,Q3917208,Ann_McLane_Kuster,Ann McLane Kuster,female,white,,1956-09-05,,"43.20667,-71.53806",,4,True,True,True,True
24955931,D,Q5294942,Donald_Norcross,Donald Norcross,male,white,,1958-12-13,,"39.9368,-75.1066",,4,True,True,True,True
417467,R,Q616850,Frank_LoBiondo,Frank LoBiondo,male,white,catholicism,1946-05-12,,"39.4275,-75.228",,3,True,True,True,
694740,R,Q981167,Chris_Smith_(New_Jersey_politician),Chris Smith,male,white,catholicism,1953-03-04,,"40.60722,-74.28111",,4,True,True,True,True
6477895,D,Q965289,Frank_Pallone,Frank Pallone,male,white,catholicism,1951-10-30,,"40.2954,-73.9899",,4,True,True,True,True
2373875,R,Q1819021,Leonard_Lance,Leonard Lance,male,white,,1952-06-25,,"40.68833,-75.21639",,3,True,True,True,
2907738,D,Q527509,Albio_Sires,Albio Sires,male,hispanic,,1951-01-26,,"22.93278,-82.38694",,4,True,True,True,True
964457,D,Q529090,Bill_Pascrell,"Bill Pascrell, Jr.",male,white,catholicism,1937-01-25,,"40.91556,-74.16306",,4,True,True,True,True
35941258,D,Q1240224,Donald_Payne_Jr.,Donald Payne Jr.,male,black,,1958-12-16,,"40.73528,-74.185",,4,True,True,True,True
776293,R,Q338190,Rodney_Frelinghuysen,Rodney Frelinghuysen,male,white,anglicanism,1946-04-29,,"40.67,-73.94",,3,True,True,True,
36939524,D,Q3917203,Michelle_Lujan_Grisham,Michelle Lujan Grisham,female,white,,1959-10-24,,"35.89111,-106.29778",,3,True,True,True,
699301,R,Q947168,Steve_Pearce_(politician),Steve Pearce,male,white,protestantism baptist,1947-08-24,,"32.73444,-101.95806",,3,True,True,True,
16939161,D,Q324256,Ben_Ray_Luján,Ben Lujan,male,hispanic,,1972-06-07,,"35.66667,-105.96667",,4,True,True,True,True
960364,R,Q953554,Peter_T._King,Peter T. King,male,white,catholicism,1944-04-05,,"40.72833,-73.99417",,4,True,True,True,True
966522,D,Q2096271,Steve_Israel,Steve Israel,male,white,judaism,1958-05-30,,"40.69278,-73.99028",,2,True,True,,
30876298,D,Q1545391,Gregory_Meeks,Gregory W. Meeks,male,black,protestantism methodist,1953-09-25,,"40.79796,-73.94005",,4,True,True,True,True
19309394,D,Q5591303,Grace_Meng,Grace Meng,female,asian,,1975-10-01,,"40.70417,-73.91778",,4,True,True,True,True
948525,D,Q434890,Nydia_Velázquez,Nydia M. Velázquez,female,hispanic,catholicism,1953-03-28,,"18.05056,-65.87944",,4,True,True,True,True
7358729,D,Q5640425,Hakeem_Jeffries,Hakeem Jeffries,male,black,,1970-08-04,,"40.69278,-73.99028",,4,True,True,True,True
2045683,D,Q461679,Yvette_Clarke,Yvette D. Clarke,female,black,anglicanism,1964-11-21,,"40.67,-73.94",,4,True,True,True,True
960332,D,Q505598,Jerrold_Nadler,Jerrold Nadler,male,white,judaism,1947-06-13,,"40.69278,-73.99028",,4,True,True,True,True
28833512,R,Q32726,Michael_Grimm_(politician),Michael Grimm,male,white,,1970-02-07,,"40.67,-73.94",,2,True,True,,
964291,D,Q455833,Carolyn_Maloney,Carolyn B. Maloney,female,white,protestantism reformed,1946-02-19,,"36.08,-79.81944",,4,True,True,True,True
410375,D,Q368091,Charles_Rangel,Charles B. Rangel,male,hispanic,catholicism,1930-06-11,,"40.80903,-73.94837",,2,True,True,,
965800,D,Q971318,Joe_Crowley,Joseph Crowley,male,white,catholicism,1962-03-16,,"40.67,-73.94",,3,True,True,True,
945385,D,Q460267,José_E._Serrano,José E. Serrano,male,hispanic,catholicism,1943-10-24,,"18.20111,-67.13972",,4,True,True,True,True
963053,D,Q1329618,Eliot_Engel,Eliot L. Engel,male,white,judaism,1947-02-18,,"40.67,-73.94",,4,True,True,True,True
963528,D,Q460652,Nita_Lowey,Nita M. Lowey,female,white,judaism,1937-07-05,,"40.67,-73.94",,4,True,True,True,True
3908693,D,Q2262244,Sean_Patrick_Maloney,Sean Patrick Maloney,male,white,,1966-07-30,,"45.4,-71.9",,4,True,True,True,True
28753815,R,Q32722,Chris_Gibson_(New_York_politician),Chris Gibson,male,white,,1964-05-13,,"40.66333,-73.63694",,2,True,True,,
6984664,D,Q1373548,Paul_Tonko,Paul Tonko,male,white,,1949-06-18,,"42.9433,-74.1903",,4,True,True,True,True
11717367,R,Q32718,Richard_L._Hanna,Richard Hanna,male,white,,1951-01-25,,"43.09657,-75.23189",,2,True,True,,
24090330,R,Q2440035,Tom_Reed_(politician),Tom Reed,male,white,,1971-11-18,,"41.5225,-88.14056",,4,True,True,True,True
963718,D,Q299833,Louise_Slaughter,Louise Slaughter,female,white,anglicanism,1929-08-14,2018-03-16,"36.965,-82.9167","38.895,-77.03667",3,True,True,True,
1184405,D,Q505581,Brian_Higgins,Brian Higgins,male,white,catholicism,1959-10-06,,"42.90472,-78.84944",,4,True,True,True,True
14122304,R,Q5106218,Chris_Collins_(American_politician),Chris Collins,male,white,,1950-05-20,,"42.80417,-73.92917",,4,True,True,True,True
850143,D,Q983532,G._K._Butterfield,G. K. Butterfield,male,black,protestantism baptist,1947-04-27,,"35.73106,-77.92831",,4,True,True,True,True
29425231,R,Q515971,Renee_Ellmers,Renee Ellmers,female,white,,1964-02-09,,"46.45472,-90.17111",,2,True,True,,
850160,R,Q512537,Walter_B._Jones_Jr.,Walter B. Jones,male,white,catholicism,1943-02-10,,"35.5942,-77.5872",,4,True,True,True,True
706615,D,Q984010,David_Price_(American_politician),David Price,male,white,protestantism baptist,1940-08-17,,"36.145,-82.41083",,4,True,True,True,True
451717,R,Q458453,Virginia_Foxx,Virginia Foxx,female,white,catholicism,1943-06-29,,"40.67,-73.94",,4,True,True,True,True
36893920,R,Q3956999,Richard_Hudson_(American_politician),Richard Hudson,male,white,,1971-11-04,,"36.67495,-76.9308",,4,True,True,True,True
451711,R,Q3956848,Robert_Pittenger,Robert Pittenger,male,white,,1948-08-15,,"32.7825,-96.7975",,3,True,True,True,
451646,R,Q2057809,Patrick_McHenry,Patrick McHenry,male,white,catholicism,1975-10-22,,"35.25528,-81.18028",,4,True,True,True,True
36888036,R,Q3956796,Mark_Meadows_(North_Carolina_politician),Mark Meadows,male,white,,1959-07-28,,"49.15972,5.38278",,4,True,True,True,True
451590,D,Q4733597,Alma_Adams,Alma Adams,female,black,,1946-05-27,,"35.97056,-79.9975",,4,True,True,True,True
33542651,R,Q3956828,George_Holding,George Holding,male,white,,1968-04-17,,"35.81889,-78.64472",,4,True,True,True,True
11549178,R,Q3957020,Kevin_Cramer,Kevin Cramer,male,white,protestantism evangelical,1961-01-21,,"48.66333,-99.84417",,3,True,True,True,
703451,R,Q506694,Steve_Chabot,Steve Chabot,male,white,catholicism,1953-01-22,,"39.13333,-84.5",,4,True,True,True,True
34991505,R,Q892413,Brad_Wenstrup,Brad Wenstrup,male,white,,1958-06-17,,"39.13333,-84.5",,4,True,True,True,True
881669,D,Q976417,Joyce_Beatty,Joyce Beatty,female,black,,1950-03-12,,"39.76667,-84.2",,4,True,True,True,True
1238368,R,Q186215,Jim_Jordan_(American_politician),Jim Jordan,male,white,,1964-02-17,,"40.1108,-83.7514",,4,True,True,True,True
13112396,R,Q888061,Bob_Latta,Bob Latta,male,white,,1956-04-18,,"40.8939,-83.8917",,4,True,True,True,True
29461208,R,Q862215,Bill_Johnson_(Ohio_politician),Bill Johnson,male,white,,1954-11-10,,"34.9525,-78.51056",,4,True,True,True,True
2600589,R,Q887945,Bob_Gibbs,Bob Gibbs,male,white,,1954-06-14,,"40.7578,-86.0678",,4,True,True,True,True
766900,R,Q11702,John_Boehner,John A. Boehner,male,white,catholicism,1949-11-17,,"39.13333,-84.5",,2,True,True,,
766958,D,Q436537,Marcy_Kaptur,Marcy Kaptur,female,white,catholicism,1946-06-17,,"41.66667,-83.58333",,4,True,True,True,True
703501,R,Q505722,Mike_Turner,Mike Turner,male,white,protestantism reformed,1960-01-11,,"39.76667,-84.2",,4,True,True,True,True
19286605,D,Q461746,Marcia_Fudge,Marcia Fudge,female,black,,1952-10-29,,"41.48222,-81.66972",,4,True,True,True,True
638394,R,Q603467,Pat_Tiberi,Pat Tiberi,male,white,catholicism,1962-10-21,,"39.98333,-82.98333",,3,True,True,True,
767470,D,Q513960,Tim_Ryan_(politician),Tim Ryan,male,white,catholicism,1973-07-16,,"41.18528,-80.75722",,4,True,True,True,True
36691281,R,Q976778,David_Joyce_(politician),David Joyce,male,white,,1957-03-17,,"41.48222,-81.66972",,4,True,True,True,True
3182821,R,Q324099,Steve_Stivers,Steve Stivers,male,white,,1965-03-24,,"38.7394,-83.8411",,4,True,True,True,True
24472207,R,Q976676,Jim_Renacci,Jim Renacci,male,white,,1958-12-03,,"40.20056,-79.92833",,3,True,True,True,
35887878,R,Q3601035,Jim_Bridenstine,Jim Bridenstine,male,white,,1975-06-15,,"42.27528,-83.73083",,3,True,True,True,
37205890,R,Q3448772,Markwayne_Mullin,Markwayne Mullin,male,native,,1977-07-26,,"36.13139,-95.93722",,4,True,True,True,True
47725651,R,Q246049,Frank_Lucas_(Oklahoma_politician),Frank Lucas,male,white,protestantism baptist,1960-01-06,,"35.6125,-99.67389",,4,True,True,True,True
962197,R,Q173839,Tom_Cole,Tom Cole,male,native,protestantism methodist,1949-04-28,,"32.50821,-93.76296",,4,True,True,True,True
10174089,D,Q45946,Suzanne_Bonamici,Suzanne Bonamici,female,white,,1954-10-14,,"42.33167,-83.0475",,4,True,True,True,True
699507,R,Q1397359,Greg_Walden,Greg Walden,male,white,anglicanism,1957-01-10,,"45.60111,-121.18278",,4,True,True,True,True
699496,D,Q748066,Earl_Blumenauer,Earl Blumenauer,male,white,,1948-08-16,,"45.51667,-122.66667",,4,True,True,True,True
699474,D,Q1758507,Peter_DeFazio,Peter A. DeFazio,male,white,catholicism,1947-05-27,,"42.28333,-71.23333",,4,True,True,True,True
16936033,D,Q1387868,Kurt_Schrader,Kurt Schrader,male,white,,1951-10-19,,"41.18333,-73.2",,4,True,True,True,True
962165,D,Q434522,Bob_Brady,Bob Brady,male,white,catholicism,1945-04-07,,"39.95278,-75.16361",,3,True,True,True,
814763,D,Q1059265,Chaka_Fattah,Chaka Fattah,male,black,protestantism baptist,1956-11-21,,"39.95278,-75.16361",,2,True,True,,
28932861,R,Q1431761,Mike_Kelly_(Pennsylvania_politician),Mike Kelly,male,white,,1948-05-10,,"40.86056,-79.89472",,4,True,True,True,True
19558869,R,Q7437040,Scott_Perry_(politician),Scott Perry,male,white,,1962-05-27,,"32.715,-117.1625",,4,True,True,True,True
16879645,R,Q1531120,Glenn_Thompson_(politician),Glenn Thompson,male,white,,1959-07-27,,"40.91472,-77.77472",,4,True,True,True,True
15312274,R,Q2056533,Pat_Meehan,Pat Meehan,male,white,,1955-10-20,,"40.06083,-75.09417",,3,True,True,True,
1147021,R,Q45951,Mike_Fitzpatrick,Mike Fitzpatrick,male,white,catholicism,1963-06-28,,"39.95278,-75.16361",,2,True,True,,
961068,R,Q862455,Bill_Shuster,Bill Shuster,male,white,protestantism evangelical,1961-01-10,,"40.34188,-79.84501",,3,True,True,True,
29194432,R,Q2439864,Tom_Marino,Tom Marino,male,white,,1952-08-13,,"41.2444,-77.0186",,4,True,True,True,True
16201960,R,Q25568,Lou_Barletta,Lou Barletta,male,white,,1956-01-28,,"40.9589,-75.9744",,3,True,True,True,
35854195,R,Q5978897,Keith_Rothfus,Keith Rothfus,male,white,,1962-04-25,,"42.1031,-76.0547",,3,True,True,True,
962284,D,Q1344200,Michael_F._Doyle,Michael F. Doyle,male,white,catholicism,1953-08-05,,"40.42222,-79.88611",,4,True,True,True,True
1184496,R,Q556034,Charlie_Dent,Charlie Dent,male,white,protestantism reformed,1960-05-24,,"40.6,-75.48333",,3,True,True,True,
964121,R,Q1674465,Joe_Pitts,Joseph R. Pitts,male,white,protestantism,1939-10-10,,"38.02972,-84.49472",,2,True,True,,
36081906,D,Q4111531,Matt_Cartwright,Matt Cartwright,male,white,,1961-05-01,,"42.12956,-80.08521",,4,True,True,True,True
1434721,R,Q2434181,Tim_Murphy_(American_politician),Tim Murphy,male,white,catholicism,1952-09-11,,"41.48222,-81.66972",,3,True,True,True,
1330350,D,Q938498,David_Cicilline,David Cicilline,male,white,,1961-07-15,,"41.83083,-71.415",,4,True,True,True,True
597070,D,Q1397290,James_Langevin,James Langevin,male,white,catholicism,1964-04-22,,"41.83083,-71.415",,4,True,True,True,True
460125,R,Q11669,Mark_Sanford,Mark Sanford,male,white,anglicanism,1960-05-28,,"26.13583,-80.14194",,3,True,True,True,
960817,R,Q928855,Joe_Wilson_(American_politician),Joe Wilson,male,white,protestantism reformed,1947-07-31,,"32.77611,-79.9325",,4,True,True,True,True
28875165,R,Q1027026,Jeff_Duncan_(politician),Jeff Duncan,male,white,,1966-01-07,,"34.39667,-82.245",,4,True,True,True,True
27652643,R,Q1822266,Trey_Gowdy,Trey Gowdy,male,white,,1964-08-22,,"34.84444,-82.38556",,3,True,True,True,
28323027,R,Q1235731,Mick_Mulvaney,Mick Mulvaney,male,white,catholicism,1967-07-21,,"38.80472,-77.04722",,3,True,True,True,
784733,D,Q1289889,Jim_Clyburn,James E. Clyburn,male,black,protestantism methodist,1940-07-21,,"33.92056,-80.34472",,4,True,True,True,True
36458259,R,Q3956858,Tom_Rice,Tom Rice,male,white,,1957-08-04,,"32.77611,-79.9325",,4,True,True,True,True
27663933,R,Q465749,Kristi_Noem,Kristi Noem,female,white,,1971-11-30,,"44.90333,-97.12056",,3,True,True,True,
18766171,R,Q1665842,Phil_Roe_(politician),Phil Roe,male,white,,1945-07-21,,"36.52972,-87.35944",,4,True,True,True,True
1089396,R,Q653994,Jimmy_Duncan_(politician),"John J. Duncan, Jr.",male,white,protestantism reformed,1947-07-21,,"36.2081,-86.3264",,3,True,True,True,
28873545,R,Q521959,Chuck_Fleischmann,Chuck Fleischmann,male,white,,1962-10-11,,"40.72833,-73.99417",,4,True,True,True,True
25435758,R,Q2260839,Scott_DesJarlais,Scott DesJarlais,male,white,,1964-02-21,,"41.59083,-93.62083",,4,True,True,True,True
960988,D,Q973737,Jim_Cooper,Jim Cooper,male,white,anglicanism,1954-06-19,,"36.165,-86.78389",,4,True,True,True,True
4992344,R,Q515935,Diane_Black,Diane Black,female,white,,1951-01-16,,"39.28639,-76.615",,3,True,True,True,
216204,R,Q458971,Marsha_Blackburn,Marsha Blackburn,female,white,protestantism reformed,1952-06-06,,"31.6975,-89.13944",,3,True,True,True,
28874416,R,Q2344713,Stephen_Fincher,Stephen Fincher,male,white,,1973-02-07,,"35.1175,-89.97111",,2,True,True,,
1239533,D,Q512330,Steve_Cohen,Steve Cohen,male,white,,1949-05-24,,"35.1175,-89.97111",,4,True,True,True,True
1131926,R,Q532647,Louie_Gohmert,Louie Gohmert,male,white,protestantism baptist,1953-08-18,,"32.99694,-94.96806",,4,True,True,True,True
1132677,R,Q532661,Ted_Poe,Ted Poe,male,white,protestantism restorationism,1948-09-10,,"31.09823,-97.34278",,3,True,True,True,
644941,R,Q539470,Sam_Johnson,Sam Johnson,male,white,protestantism methodist,1930-10-11,,"29.42861,-98.49333",,3,True,True,True,
7052966,R,Q538785,Jeb_Hensarling,Jeb Hensarling,male,white,catholicism,1957-05-29,,"32.2207,-98.20226",,3,True,True,True,
938613,R,Q966261,Joe_Barton,Joe Barton,male,white,protestantism methodist,1949-09-15,,"31.55139,-97.15583",,3,True,True,True,
947607,R,Q671976,John_Culberson,John Culberson,male,white,protestantism methodist,1956-08-24,,"29.76278,-95.38306",,3,True,True,True,
962112,R,Q472241,Kevin_Brady,Kevin Brady,male,white,catholicism,1955-04-11,,"42.78111,-96.92694",,4,True,True,True,True
517069,D,Q749039,Al_Green_(politician),Al Green,male,black,protestantism baptist,1947-09-01,,"29.96667,-90.05",,4,True,True,True,True
1132718,R,Q539509,Michael_McCaul,Michael McCaul,male,white,catholicism,1962-01-14,,"32.7825,-96.7975",,4,True,True,True,True
1164022,R,Q538944,Mike_Conaway,Mike Conaway,male,white,protestantism baptist,1948-06-11,,"35.66278,-101.40167",,4,True,True,True,True
961487,R,Q468807,Kay_Granger,Kay Granger,female,white,protestantism methodist,1943-01-18,,"33.1261,-96.1097",,4,True,True,True,True
811163,R,Q539444,Mac_Thornberry,Mac Thornberry,male,white,protestantism reformed,1958-07-15,,"34.9364,-100.891",,4,True,True,True,True
36628753,R,Q4014569,Randy_Weber,Randy Weber,male,white,,1953-07-02,,"29.5544,-95.2958",,4,True,True,True,True
838680,D,Q256517,Rubén_Hinojosa,Rubén Hinojosa,male,hispanic,catholicism,1940-08-20,,"26.2944,-97.9633",,2,True,True,,
5587334,D,Q4014532,Beto_O'Rourke,Beto O'Rourke,male,white,,1972-09-26,,"31.79028,-106.42333",,3,True,True,True,
26953920,R,Q862103,Bill_Flores,Bill Flores,male,hispanic,,1954-02-25,,"41.14556,-104.80194",,4,True,True,True,True
479733,D,Q461734,Sheila_Jackson_Lee,Sheila Jackson-Lee,female,black,protestantism restorationism,1950-01-12,,"40.70417,-73.91778",,4,True,True,True,True
961407,R,Q539536,Randy_Neugebauer,Randy Neugebauer,male,white,protestantism baptist,1949-12-24,,"38.61667,-90.2",,2,True,True,,
4160300,D,Q1167934,Joaquín_Castro,Joaquin Castro,male,hispanic,catholicism,1974-09-16,,"29.42861,-98.49333",,4,True,True,True,True
964077,R,Q685149,Lamar_Smith,Lamar S. Smith,male,white,protestantism christian science,1947-11-19,,"29.42861,-98.49333",,3,True,True,True,
16835709,R,Q2073303,Pete_Olson,Pete Olson,male,white,protestantism methodist,1962-12-09,,"47.11437,-122.56459",,4,True,True,True,True
1166244,R,Q368184,Kenny_Marchant,Kenny Marchant,male,white,protestantism methodist,1951-02-23,,"33.58389,-96.18167",,4,True,True,True,True
3106028,R,Q4014560,Roger_Williams_(American_politician),Roger Williams,male,white,,1949-09-13,,"42.04114,-87.69006",,4,True,True,True,True
962185,R,Q539521,Michael_C._Burgess,Michael C. Burgess,male,white,protestantism reformed,1950-12-23,,"44.0234,-92.46295",,4,True,True,True,True
29463388,R,Q881255,Blake_Farenthold,Blake Farenthold,male,white,,1961-12-12,,"27.74278,-97.40194",,3,True,True,True,
1163464,D,Q539562,Henry_Cuellar,Henry Cuellar,male,hispanic,catholicism,1955-09-19,,"27.50611,-99.50722",,4,True,True,True,True
965815,D,Q539587,Gene_Green,Gene Green,male,white,protestantism methodist,1947-10-17,,"29.76278,-95.38306",,3,True,True,True,
961356,D,Q461526,Eddie_Bernice_Johnson,Eddie Bernice Johnson,female,black,protestantism baptist,1935-12-03,,"31.55139,-97.15583",,4,True,True,True,True
20713710,R,Q369814,John_Carter_(Texas_politician),John Carter,male,white,catholicism,1941-11-06,,"29.76278,-95.38306",,4,True,True,True,True
966515,R,Q437852,Pete_Sessions,Pete Sessions,male,white,protestantism methodist,1955-03-22,,"31.55139,-97.15583",,3,True,True,True,
36608661,D,Q4068811,Marc_Veasey,Marc Veasey,male,black,,1971-01-03,,"32.75722,-97.33306",,4,True,True,True,True
36781283,D,Q4069225,Filemon_Vela_Jr.,Filemon Vela Jr.,male,hispanic,,1963-02-13,,"26.2,-97.7",,4,True,True,True,True
833550,D,Q363817,Lloyd_Doggett,Lloyd Doggett,male,white,protestantism methodist,1946-10-06,,"30.3,-97.73333",,4,True,True,True,True
595346,R,Q433857,Rob_Bishop,Rob Bishop,male,white,protestantism restorationism,1951-07-13,,"41.03306,-111.93611",,4,True,True,True,True
34635017,R,Q4068880,Chris_Stewart_(politician),Chris Stewart,male,white,,1960-07-15,,"41.73778,-111.83083",,4,True,True,True,True
17860391,R,Q1683881,Jason_Chaffetz,Jason Chaffetz,male,white,judaism,1967-03-26,,"37.23611,-121.96167",,3,True,True,True,
5255966,D,Q1112656,Peter_Welch,Peter Welch,male,white,catholicism,1947-05-02,,"42.11241,-72.54745",,4,True,True,True,True
14187724,R,Q541251,Rob_Wittman,Rob Wittman,male,white,anglicanism,1959-02-03,,"38.895,-77.03667",,4,True,True,True,True
27335333,R,Q2800221,Scott_Rigell,Scott Rigell,male,white,,1960-05-28,,"28.59111,-80.82",,2,True,True,,
964012,D,Q888668,Bobby_Scott_(politician),Robert C. Scott,male,asian,anglicanism,1947-04-30,,"38.895,-77.03667",,4,True,True,True,True
7866895,R,Q2130783,Randy_Forbes,Randy Forbes,male,white,protestantism baptist,1952-02-17,,"36.7674,-76.28741",,2,True,True,,
20133751,R,Q2157642,Robert_Hurt_(politician),Robert Hurt,male,white,,1969-06-16,,"40.67,-73.94",,2,True,True,,
435086,R,Q887952,Bob_Goodlatte,Bob Goodlatte,male,white,protestantism christian science,1952-09-22,,"42.20417,-72.61806",,3,True,True,True,
43021365,R,Q17160419,Dave_Brat,Dave Brat,male,white,,1964-07-27,,"42.33167,-83.0475",,3,True,True,True,
7182245,R,Q1684857,Morgan_Griffith,Morgan Griffith,male,white,anglicanism,1958-03-15,,"39.95278,-75.16361",,4,True,True,True,True
18476935,D,Q1514859,Gerry_Connolly,Gerry Connolly,male,white,,1950-03-30,,"42.35778,-71.06167",,4,True,True,True,True
21763937,D,Q2091892,Suzan_DelBene,Suzan DelBene,female,white,,1962-02-17,,"32.41,-87.02",,4,True,True,True,True
412678,D,Q503529,Rick_Larsen,Rick Larsen,male,white,protestantism methodist,1965-06-15,,"48.1811,-122.139",,4,True,True,True,True
14932561,R,Q168592,Jaime_Herrera_Beutler,Jaime Herrera Beutler,female,hispanic,,1978-11-03,,"34.17083,-118.25",,4,True,True,True,True
810136,R,Q293343,Cathy_McMorris_Rodgers,Cathy McMorris,female,white,protestantism evangelical,1969-05-22,,"44.93083,-123.02889",,4,True,True,True,True
16128418,D,Q4068828,Derek_Kilmer,Derek Kilmer,male,white,,1974-01-01,,"48.1131,-123.441",,4,True,True,True,True
404992,D,Q321457,Jim_McDermott,Jim McDermott,male,white,anglicanism,1936-12-28,,"41.88194,-87.62778",,2,True,True,,
810186,R,Q456464,Dave_Reichert,Dave Reichert,male,white,protestantism lutheran,1950-08-29,,"46.81722,-95.84528",,3,True,True,True,
410158,D,Q350916,Adam_Smith_(politician),Adam Smith,male,white,anglicanism,1965-06-15,,"38.895,-77.03667",,4,True,True,True,True
2350368,D,Q4068793,Denny_Heck,Dennis Heck,male,white,,1952-07-29,,"45.63361,-122.60278",,4,True,True,True,True
28512638,R,Q1175610,David_McKinley,David McKinley,male,white,,1947-03-28,,"40.07028,-80.69861",,4,True,True,True,True
409052,R,Q203966,Paul_Ryan,Paul Ryan,male,white,catholicism,1970-01-29,,"42.68389,-89.01639",,3,True,True,True,
6950063,D,Q1900355,Mark_Pocan,Mark Pocan,male,white,,1964-08-14,,"42.58222,-87.84556",,4,True,True,True,True
409010,D,Q505222,Ron_Kind,Ron Kind,male,white,protestantism lutheran,1963-03-16,,"43.81333,-91.23306",,4,True,True,True,True
1166150,D,Q461698,Gwen_Moore,Gwen Moore,female,black,protestantism baptist,1951-04-18,,"42.72611,-87.80583",,4,True,True,True,True
18935446,R,Q952268,Jim_Sensenbrenner,"F. James Sensenbrenner, Jr.",male,white,anglicanism,1943-06-14,,"41.88194,-87.62778",,4,True,True,True,True
7979337,R,Q1729888,Sean_Duffy,Sean Duffy,male,white,,1971-10-03,,"46.01,-91.48056",,4,True,True,True,True
28836643,R,Q2139894,Reid_Ribble,Reid Ribble,male,white,,1956-04-05,,"44.17417,-88.46861",,2,True,True,,
10936603,R,Q456064,Cynthia_Lummis,Cynthia Lummis,female,white,protestantism lutheran,1954-09-10,,"41.14556,-104.80194",,2,True,True,,
309588,D,Q461649,Eleanor_Holmes_Norton,Eleanor Holmes Norton,female,black,anglicanism,1937-06-13,,"38.895,-77.03667",,4,True,True,True,True
309601,D,Q292988,Madeleine_Bordallo,Madeleine Z. Bordallo,female,white,catholicism,1933-05-31,,"45.56917,-96.43444",,3,True,True,True,
20224544,D,Q3116336,Gregorio_Sablan,Gregorio C. Sablan,male,islander,,1955-01-19,,"15.18333,145.75",,4,True,True,True,True
11313563,PNP/D,Q2277878,Pedro_Pierluisi,Pedro Pierluisi,male,hispanic,,1959-04-26,,"18.45,-66.06667",,2,True,True,,
43266580,R,Q17386504,Gary_Palmer_(politician),Gary Palmer,male,white,,1954-05-14,,"34.23013,-87.61898",,3,,True,True,True
8713438,R,Q6774492,Martha_McSally,Martha McSally,female,white,,1966-03-22,,"41.71667,-71.41667",,2,,True,True,
26457766,D,Q16218474,Ruben_Gallego,Ruben Gallego,male,hispanic,,1979-11-20,,"41.88194,-87.62778",,3,,True,True,True
44279869,R,Q18631366,French_Hill_(politician),French Hill,male,white,,1956-12-05,,"34.73611,-92.33111",,3,,True,True,True
40128833,R,Q16197421,Bruce_Westerman,Bruce Westerman,male,white,,1967-11-18,,"34.49722,-93.05528",,3,,True,True,True
9453287,D,Q6767311,Mark_DeSaulnier,Mark DeSaulnier,male,white,,1952-03-31,,"42.63944,-71.31472",,3,,True,True,True
22768901,R,Q7613060,Steve_Knight_(politician),Steve Knight,male,white,,1966-12-17,,"34.90556,-117.88361",,2,,True,True,
35760455,D,Q7171821,Pete_Aguilar,Pete Aguilar,male,hispanic,,1979-06-19,,"34.1,-117.46667",,3,,True,True,True
5774818,D,Q7693450,Ted_Lieu,Ted Lieu,male,asian,,1969-03-29,,"25.03333,121.63333",,3,,True,True,True
16211910,D,Q3343727,Norma_Torres,Norma Torres,female,hispanic,,1965-04-04,,"14.29778,-90.78694",,3,,True,True,True
2378839,R,Q6862199,Mimi_Walters,Mimi Walters,female,white,,1962-05-14,,"34.15611,-118.13194",,2,,True,True,
28333316,R,Q1439421,Ken_Buck,Ken Buck,male,white,,1959-02-16,,"41.16528,-73.85667",,3,,True,True,True
44279946,R,Q18631533,Carlos_Curbelo,Carlos Curbelo,male,hispanic,,1980-03-01,,"25.78333,-80.21667",,2,,True,True,
39805284,R,Q16240994,Buddy_Carter,Buddy Carter,male,white,,1957-09-06,,"32.1644,-81.18",,3,,True,True,True
22869120,R,Q6208081,Jody_Hice,Jody Hice,male,white,,1960-04-22,,"33.75694,-84.39028",,3,,True,True,True
40229989,R,Q16731643,Barry_Loudermilk,Barry Loudermilk,male,white,,1963-12-22,,"33.56472,-84.41056",,3,,True,True,True
44305318,R,Q18683976,Rick_W._Allen,Rick Allen,male,white,,1951-11-07,,"33.47,-81.975",,3,,True,True,True
7245503,R,Q6846090,Mike_Bost,Mike Bost,male,white,,1960-12-30,,"37.7672,-89.3372",,3,,True,True,True
31031169,R,Q5222780,Darin_LaHood,Darin LaHood,male,white,,1968-08-12,,"40.72083,-89.60944",,3,,True,True,True
44279970,R,Q18684853,Rod_Blum,Rod Blum,male,white,,1955-04-26,,"42.50432,-90.68686",,2,,True,True,
43573535,R,Q19321008,David_Young_(Iowa_politician),David Young,male,white,,1968-05-11,,"41.53139,-93.95528",,2,,True,True,
35103698,R,Q6131602,James_Comer_(politician),James Comer,male,white,,1972-08-19,,"36.25496,-85.94921",,3,,True,True,True
44279997,R,Q18683775,Ralph_Abraham_(politician),Ralph Abraham,male,white,,1954-09-16,,"32.35778,-91.85972",,3,,True,True,True
44321498,R,Q18686454,Garret_Graves,Garret Graves,male,white,,1972-01-31,,"30.4475,-91.17861",,3,,True,True,True
34031421,R,Q4978147,Bruce_Poliquin,Bruce Poliquin,male,white,,1953-11-01,,"44.55194,-69.64583",,2,,True,True,
43714153,D,Q18045052,Seth_Moulton,Seth Moulton,male,white,,1978-10-24,,"42.51685,-70.8985",,3,,True,True,True
41046267,R,Q16194212,John_Moolenaar,John Moolenaar,male,white,,1961-05-08,,"43.61556,-84.24722",,3,,True,True,True
18208909,R,Q16196834,Mike_Bishop_(politician),Mike Bishop,male,white,protestantism evangelical,1967-03-18,,"42.92056,-83.04278",,2,,True,True,
40492192,R,Q16982345,Dave_Trott_(politician),Dave Trott,male,white,,1960-10-16,,"42.54667,-83.21139",,2,,True,True,
15300246,D,Q5248232,Debbie_Dingell,Debbie Dingell,female,white,,1953-11-23,,"42.33167,-83.0475",,3,,True,True,True
12668582,D,Q4960712,Brenda_Lawrence,Brenda Lawrence,female,black,,1954-10-18,,"42.33167,-83.0475",,3,,True,True,True
23472782,R,Q7815723,Tom_Emmer,Tom Emmer,male,white,,1961-03-03,,"41.67639,-86.25028",,3,,True,True,True
46696696,R,Q20204915,Trent_Kelly,Trent Kelly,male,white,,1966-03-01,,"32.5714,-89.1181",,3,,True,True,True
31380269,R,Q7384672,Ryan_Zinke,Ryan Zinke,male,white,protestantism lutheran,1961-11-01,,"45.67778,-111.04722",,2,,True,True,
42756935,R,Q18631218,Tom_MacArthur,Tom MacArthur,male,white,,1960-10-16,,"41.65278,-72.39139",,2,,True,True,
47263223,D,Q6288908,Josh_Gottheimer,Josh Gottheimer,male,white,,1975-03-08,,"40.86333,-74.26639",,3,,True,True,True
3012558,D,Q4942457,Bonnie_Watson_Coleman,Bonnie Watson Coleman,female,black,,1945-02-06,,"39.9368,-75.1066",,3,,True,True,True
15008384,R,Q16221257,Lee_Zeldin,Lee Zeldin,male,white,judaism,1980-01-30,,"40.7136,-73.5558",,3,,True,True,True
3203449,D,Q6376887,Kathleen_Rice,Kathleen Rice,female,white,,1965-02-15,,"40.72833,-73.99417",,3,,True,True,True
27446608,R,Q5217998,Dan_Donovan_(politician),Dan Donovan,male,white,,1956-11-06,,"40.57628,-74.14484",,2,,True,True,
41703969,R,Q18211057,Elise_Stefanik,Elise Stefanik,female,white,,1984-07-02,,"42.65,-73.76667",,3,,True,True,True
44263355,R,Q18619043,John_Katko,John Katko,male,white,,1962-11-09,,"43.0469,-76.14442",,3,,True,True,True
43316202,R,Q17388892,Mark_Walker_(North_Carolina_politician),Mark Walker,male,white,protestantism baptist,1969-05-20,,"31.22722,-85.40722",,3,,True,True,True
35779257,R,Q5239255,David_Rouzer,David Rouzer,male,white,,1972-02-16,,"49.41222,7.57222",,3,,True,True,True
49803338,R,Q24458117,Warren_Davidson,Warren Davidson,male,white,,1970-03-01,,"40.0417,-84.2086",,3,,True,True,True
41718095,R,Q16195304,Steve_Russell_(politician),Steve Russell,male,white,,1963-05-25,,"35.4823,-97.5352",,2,,True,True,
16488153,D,Q5318148,Dwight_Evans_(politician),Dwight Evans,male,black,,1954-05-16,,"39.95278,-75.16361",,3,,True,True,True
43376092,R,Q18631846,Ryan_Costello,Ryan Costello,male,white,,1976-09-07,,"40.13083,-75.51917",,2,,True,True,
18373871,D,Q4960876,Brendan_Boyle,Brendan Boyle,male,white,,1977-02-06,,"39.95278,-75.16361",,3,,True,True,True
42699041,R,Q16980175,John_Ratcliffe_(American_politician),John Ratcliffe,male,white,,1965-10-20,,"42.0656,-87.9361",,3,,True,True,True
26384160,R,Q18639742,Will_Hurd,Will Hurd,male,black,,1977-08-19,,"29.42861,-98.49333",,3,,True,True,True
42119569,R,Q16979824,Brian_Babin,Brian Babin,male,white,,1948-03-23,,"29.885,-93.94",,3,,True,True,True
25741095,R,Q11112119,Mia_Love,Mia Love,female,black,protestantism restorationism,1975-12-06,,"40.69278,-73.99028",,2,,True,True,
1462182,D,Q3036086,Don_Beyer,Don Beyer,male,white,,1950-06-20,,"45.63611,13.80417",,3,,True,True,True
9443007,R,Q4858820,Barbara_Comstock,Barbara Comstock,female,white,,1959-06-30,,"42.11241,-72.54745",,2,,True,True,
42010903,R,Q16733285,Dan_Newhouse,Dan Newhouse,male,white,,1955-07-10,,"46.32083,-120.01222",,3,,True,True,True
10815711,R,Q4718026,Alex_Mooney,Alex Mooney,male,hispanic,,1971-06-05,,"38.895,-77.03667",,3,,True,True,True
5148038,R,Q5415437,Evan_Jenkins_(politician),Evan Jenkins,male,white,,1960-09-12,,"38.42083,-82.42361",,2,,True,True,
9674182,R,Q5568836,Glenn_Grothman,Glenn Grothman,male,white,,1955-07-03,,"43.05,-87.95",,3,,True,True,True
44345195,R,Q18684027,Amata_Coleman_Radewagen,Amata Coleman Radewagen,female,islander,,1947-12-29,,"-14.27306,-170.70278",,3,,True,True,True
44332072,D,Q18739104,Stacey_Plaskett,Stacey Plaskett,female,black,,1966-05-13,,"40.67,-73.94",,3,,True,True,True
13057371,D,Q7817086,Tom_O'Halleran,Tom O'Halleran,male,white,,1946-01-24,,"41.88194,-87.62778",,2,,,True,True
41569612,R,Q16199304,Andy_Biggs,Andy Biggs,male,white,,1958-11-07,,"32.22167,-110.92639",,2,,,True,True
41530911,R,Q16731415,Debbie_Lesko,Debbie Lesko,female,white,,1958-11-14,,"43.75,-87.725",,2,,,True,True
38318277,D,Q7339221,Ro_Khanna,Ro Khanna,male,asian,hindu,1976-09-13,,"39.95278,-75.16361",,2,,,True,True
48589170,D,Q27733776,Jimmy_Panetta,Jimmy Panetta,male,white,,1969-10-01,,"38.895,-77.03667",,2,,,True,True
47384600,D,Q27805429,Salud_Carbajal,Salud Carbajal,male,hispanic,,1964-11-18,,"20.12972,-101.19",,2,,,True,True
37836929,D,Q6200205,Jimmy_Gomez,Jimmy Gomez,male,hispanic,,1974-11-25,,"33.88,-117.92861",,2,,,True,True
48530096,D,Q21662745,Nanette_Barragán,Nanette Barragán,female,hispanic,,1976-09-15,,"33.79,-118.29694",,2,,,True,True
11088878,D,Q6685454,Lou_Correa,Lou Correa,male,hispanic,,1958-01-24,,"33.83611,-117.88972",,2,,,True,True
51189858,D,Q26899141,Lisa_Blunt_Rochester,Lisa Blunt Rochester,female,black,,1962-02-10,,"39.95278,-75.16361",,2,,,True,True
38902978,R,Q16221742,Matt_Gaetz,Matt Gaetz,male,white,,1982-05-07,,"26.02139,-80.175",,2,,,True,True
51468709,R,Q27733851,Neal_Dunn,Neal Dunn,male,white,,1953-02-16,,"42.35778,-71.06167",,2,,,True,True
1020872,R,Q6256043,John_Rutherford_(Florida_politician),John Rutherford,male,white,,1952-09-02,,"41.26667,-96.01667",,2,,,True,True
13715528,D,Q4723052,Al_Lawson,Al Lawson,male,black,,1948-09-21,,"30.43874,-84.28063",,2,,,True,True
51003997,D,Q27804538,Stephanie_Murphy,Stephanie Murphy,female,asian,,1978-09-16,,"10.81667,106.63333",,2,,,True,True
21099348,D,Q5225162,Darren_Soto,Darren Soto,male,hispanic,,1978-02-25,,"41.104,-74.2711",,2,,,True,True
37072819,D,Q7909083,Val_Demings,Val Demings,female,black,,1957-03-12,,"30.31667,-81.65",,2,,,True,True
1224681,D,Q374693,Charlie_Crist,Charlie Crist,male,white,protestantism methodist,1956-07-24,,"40.5107,-78.3997",,2,,,True,True
51468866,R,Q27733854,Brian_Mast,Brian Mast,male,hispanic,,1980-07-10,,"42.96125,-85.65572",,2,,,True,True
2355853,R,Q5482337,Francis_Rooney,Francis Rooney,male,white,,1953-12-04,,"35.7466,-95.368",,2,,,True,True
51189954,R,Q26157659,Drew_Ferguson_(politician),Drew Ferguson,male,white,,1967-11-15,,"32.87639,-85.17389",,2,,,True,True
51960710,D,Q7285471,Raja_Krishnamoorthi,Raja Krishnamoorthi,male,asian,hindu,1973-07-19,,"28.7,77.2",,2,,,True,True
35114951,R,Q16146788,Jim_Banks,Jim Banks,male,white,,1979-07-16,,"41.1586,-85.4878",,2,,,True,True
50414130,R,Q27804536,Trey_Hollingsworth,Trey Hollingsworth,male,white,,1983-09-12,,"36.10477,-84.12849",,2,,,True,True
51233385,R,Q27923290,Roger_Marshall_(politician),Roger Marshall,male,white,,1960-08-09,,"37.8211,-96.8583",,2,,,True,True
30793749,R,Q7363747,Ron_Estes,Ron Estes,male,white,,1956-07-19,,"39.04833,-95.67804",,2,,,True,True
52343635,R,Q25849505,Clay_Higgins,Clay Higgins,male,white,,1961-08-24,,"29.96667,-90.05",,2,,,True,True
46274605,R,Q19880665,Mike_Johnson_(Louisiana_politician),Mike Johnson,male,white,,1972-01-30,,"32.50821,-93.76296",,2,,,True,True
3682711,D,Q4772558,Anthony_G._Brown,Anthony G. Brown,male,black,,1961-11-21,,"40.86806,-73.42611",,2,,,True,True
4416099,D,Q640835,Jamie_Raskin,Jamie Raskin,male,white,,1962-12-13,,"38.895,-77.03667",,2,,,True,True
20988539,R,Q6262116,Jack_Bergman,Jack Bergman,male,white,,1947-02-02,,"44.79806,-93.52694",,2,,,True,True
51233713,R,Q27922634,Paul_Mitchell_(politician),Paul Mitchell,male,white,,1956-11-14,,"42.35778,-71.06167",,2,,,True,True
31622364,R,Q5605607,Greg_Gianforte,Greg Gianforte,male,white,,1961-04-17,,"32.715,-117.1625",,2,,,True,True
46225952,R,Q19757583,Don_Bacon_(politician),Don Bacon,male,white,,1963-08-16,,"41.51194,-87.64028",,2,,,True,True
1846883,D,Q7794276,Thomas_Suozzi,Thomas Suozzi,male,white,catholicism,1962-08-31,,"40.86722,-73.62778",,2,,,True,True
2118902,D,Q4685569,Adriano_Espaillat,Adriano Espaillat,male,hispanic,,1954-09-27,,"19.45,-70.7",,2,,,True,True
14565448,D,Q6285623,Joseph_Morelle,Joseph D. Morelle,male,white,,1957-04-29,,"43.09657,-75.23189",,2,,,True,True
50751233,R,Q27733792,Ted_Budd,Ted Budd,male,white,,1971-10-21,,"36.1025,-80.26056",,2,,,True,True
25486013,R,Q16194422,Troy_Balderson,Troy Balderson,male,white,,1962-01-16,,"39.9461,-82.0122",,2,,,True,True
58829904,R,Q58333614,Kevin_Hern,Kevin Hern,,white,,,,,,2,,,True,True
58910473,D,Q54611716,Mary_Gay_Scanlon,Mary Gay Scanlon,female,white,,1959-08-30,,"43.9756,-75.9064",,2,,,True,True
52117379,R,Q27831059,Brian_Fitzpatrick_(American_politician),Brian Fitzpatrick,male,white,,1973-12-17,,"40.1542,-74.8497",,2,,,True,True
58724936,D,Q58323072,Susan_Wild,Susan Wild,female,white,,1957-06-07,,,,2,,,True,True
22363537,R,Q6662742,Lloyd_Smucker,Lloyd Smucker,male,white,,1964-01-23,,"40.03972,-76.30444",,2,,,True,True
55858504,D,Q43387164,Conor_Lamb,Conor Lamb,male,white,catholicism,1984-06-27,,"38.895,-77.03667",,2,,,True,True
5860780,R,Q7287914,Ralph_Norman,Ralph Norman,male,white,,1953-06-20,,"34.93806,-81.02611",,2,,,True,True
51252450,R,Q26923148,David_Kustoff,David Kustoff,male,white,,1966-10-08,,"35.1175,-89.97111",,2,,,True,True
49616753,D,Q27924921,Vicente_Gonzalez_(politician),Vicente González,male,hispanic,,1967-09-04,,"27.74278,-97.40194",,2,,,True,True
30679444,R,Q6207815,Jodey_Arrington,Jodey Arrington,male,white,,1972-03-09,,"34.1911,-101.719",,2,,,True,True
57053082,R,Q55313952,Michael_Cloud,Michael Cloud,male,white,,1975-05-13,,"30.4475,-91.17861",,2,,,True,True
26929382,R,Q6253810,John_Curtis_(American_politician),John Curtis,male,white,,1960-05-10,,"41.22778,-111.96111",,2,,,True,True
3353264,D,Q4647699,Donald_McEachin,Donald McEachin,male,black,,1961-10-10,,"49.45278,11.07778",,2,,,True,True
45298457,D,Q18978140,Pramila_Jayapal,Pramila Jayapal,female,asian,hindu,1965-09-21,,"13.09,80.27",,2,,,True,True
51864377,R,Q27842981,Mike_Gallagher_(American_politician),Mike Gallagher,male,white,,1984-03-03,,"44.51333,-88.01583",,2,,,True,True
1320361,R,Q5362573,Liz_Cheney,Liz Cheney,female,white,protestantism methodist,1966-07-28,,"43.07472,-89.38444",,2,,,True,True
8980772,PNP/R,Q16215793,Jenniffer_González,Jenniffer González,female,hispanic,,1976-08-05,,"18.45,-66.06667",,2,,,True,True
