first,last,party,Citadel_donations2012,Citadel_donations2014,Citadel_donations2016,Citadel_donations2018,Bloomberg_donations2012,Bloomberg_donations2014,Bloomberg_donations2016,Bloomberg_donations2018,pageid,wikidataid,wikititle,name,sex,ethnicity,religion,birth,death,birthplace,deathplace,Number_Sessions_Served,Session_113,Session_114,Session_115,Session_116
Nita,Lowey,D,5000.0,2600.0,10800.0,18100.0,5000.0,2600.0,10800.0,18100.0,963528.0,Q460652,Nita_Lowey,Nita M. Lowey,female,white,judaism,1937-07-05,,"40.67,-73.94",,4.0,True,True,True,True
Hakeem,Jeffries,D,2000.0,0.0,0.0,0.0,2000.0,0.0,0.0,0.0,7358729.0,Q5640425,Hakeem_Jeffries,Hakeem Jeffries,male,black,,1970-08-04,,"40.69278,-73.99028",,4.0,True,True,True,True
Sean,Maloney,D,750.0,2000.0,21600.0,16500.0,750.0,2000.0,21600.0,16500.0,3908693.0,Q2262244,Sean_Patrick_Maloney,Sean Patrick Maloney,male,white,,1966-07-30,,"45.4,-71.9",,4.0,True,True,True,True
Grace,Meng,D,500.0,0.0,0.0,0.0,500.0,0.0,0.0,0.0,19309394.0,Q5591303,Grace_Meng,Grace Meng,female,asian,,1975-10-01,,"40.70417,-73.91778",,4.0,True,True,True,True
David,Cicilline,D,500.0,0.0,0.0,0.0,500.0,0.0,0.0,0.0,1330350.0,Q938498,David_Cicilline,David Cicilline,male,white,,1961-07-15,,"41.83083,-71.415",,4.0,True,True,True,True
Ted,Deutch,D,0.0,2600.0,0.0,0.0,0.0,2600.0,0.0,0.0,13719052.0,Q245724,Ted_Deutch,Ted Deutch,male,white,,1966-05-07,,"40.62611,-75.37556",,4.0,True,True,True,True
Jerrold,Nadler,D,0.0,1000.0,2000.0,1000.0,0.0,1000.0,2000.0,1000.0,960332.0,Q505598,Jerrold_Nadler,Jerrold Nadler,male,white,judaism,1947-06-13,,"40.69278,-73.99028",,4.0,True,True,True,True
Jim,Himes,D,0.0,1000.0,0.0,0.0,0.0,1000.0,0.0,0.0,16126047.0,Q1689111,Jim_Himes,Jim Himes,male,white,,1966-07-05,,"-12.05,-77.03333",,4.0,True,True,True,True
Ann,Kuster,D,0.0,1000.0,0.0,396.0,0.0,1000.0,0.0,396.0,23101972.0,Q3917208,Ann_McLane_Kuster,Ann McLane Kuster,female,white,,1956-09-05,,"43.20667,-71.53806",,4.0,True,True,True,True
Gerry,Connolly,D,0.0,0.0,751.0,6.0,0.0,0.0,751.0,6.0,18476935.0,Q1514859,Gerry_Connolly,Gerry Connolly,male,white,,1950-03-30,,"42.35778,-71.06167",,4.0,True,True,True,True
Debbie,Schultz,D,0.0,0.0,550.0,500.0,0.0,0.0,550.0,500.0,1164072.0,Q50104,Debbie_Wasserman_Schultz,Debbie Wasserman Schultz,female,white,judaism,1966-09-27,,"40.71611,-73.85",,4.0,True,True,True,True
Carolyn,Maloney,D,0.0,0.0,500.0,1334.0,0.0,0.0,500.0,1334.0,964291.0,Q455833,Carolyn_Maloney,Carolyn B. Maloney,female,white,protestantism reformed,1946-02-19,,"36.08,-79.81944",,4.0,True,True,True,True
Nancy,Pelosi,D,0.0,0.0,200.0,0.0,0.0,0.0,200.0,0.0,147301.0,Q170581,Nancy_Pelosi,Nancy Pelosi,female,white,catholicism,1940-03-26,,"39.28639,-76.615",,4.0,True,True,True,True
Eric,Swalwell,D,0.0,0.0,50.0,5.0,0.0,0.0,50.0,5.0,37076719.0,Q3466996,Eric_Swalwell,Eric Swalwell,male,white,,1980-11-16,,"42.42111,-94.995",,4.0,True,True,True,True
Steve,Scalise,R,0.0,0.0,0.0,1000.0,0.0,0.0,0.0,1000.0,4228818.0,Q1857141,Steve_Scalise,Steve Scalise,male,white,,1965-10-06,,"29.96667,-90.05",,4.0,True,True,True,True
Ami,Bera,D,0.0,0.0,0.0,1000.0,0.0,0.0,0.0,1000.0,28670879.0,Q3389105,Ami_Bera,Ami Bera,male,asian,protestantism unitarian,1965-03-02,,"34.05,-118.25",,4.0,True,True,True,True
Cheri,Bustos,D,0.0,0.0,0.0,404.0,0.0,0.0,0.0,404.0,35915364.0,Q723148,Cheri_Bustos,Cheri Bustos,female,white,,1961-10-17,,"39.78333,-89.65028",,4.0,True,True,True,True
Julia,Brownley,D,0.0,0.0,0.0,396.0,0.0,0.0,0.0,396.0,9140038.0,Q3577073,Julia_Brownley,Julia Brownley,female,white,,1952-08-28,,"33.54944,-81.72056",,4.0,True,True,True,True
John,Lewis,D,0.0,0.0,0.0,58.0,0.0,0.0,0.0,58.0,411737.0,Q45380,John_Lewis_(civil_rights_leader),John Lewis,male,black,protestantism baptist,1940-02-21,,"31.80196,-85.96732",,4.0,True,True,True,True
Paul,Tonko,D,0.0,0.0,0.0,50.0,0.0,0.0,0.0,50.0,6984664.0,Q1373548,Paul_Tonko,Paul Tonko,male,white,,1949-06-18,,"42.9433,-74.1903",,4.0,True,True,True,True
Frank,Pallone,D,0.0,0.0,0.0,25.0,0.0,0.0,0.0,25.0,6477895.0,Q965289,Frank_Pallone,Frank Pallone,male,white,catholicism,1951-10-30,,"40.2954,-73.9899",,4.0,True,True,True,True
Bennie,Thompson,D,0.0,0.0,0.0,25.0,0.0,0.0,0.0,25.0,699361.0,Q817877,Bennie_Thompson,Bennie G. Thompson,male,black,protestantism methodist,1948-01-28,,"32.3517,-90.46",,4.0,True,True,True,True
Adam,Schiff,D,0.0,0.0,0.0,5.0,0.0,0.0,0.0,5.0,408932.0,Q350843,Adam_Schiff,Adam Schiff,male,white,judaism,1960-06-22,,"42.27917,-71.41667",,4.0,True,True,True,True
Bradley,Byrne,R,,,,,,,,,25016198.0,Q4954892,Bradley_Byrne,Bradley Byrne,male,white,,1955-02-16,,"30.72767,-88.05267",,4.0,True,True,True,True
Martha,Roby,R,,,,,,,,,29218153.0,Q439117,Martha_Roby,Martha Roby,female,white,,1976-07-26,,"32.36167,-86.27917",,4.0,True,True,True,True
Mike,Rogers,R,,,,,,,,,407888.0,Q693238,Mike_Rogers_(Alabama_politician),Mike D. Rogers,male,white,protestantism baptist,1958-07-16,,"41.6111,-87.4931",,4.0,True,True,True,True
Robert,Aderholt,R,,,,,,,,,407889.0,Q672671,Robert_Aderholt,Robert Aderholt,male,white,protestantism methodist,1965-07-22,,"34.23013,-87.61898",,4.0,True,True,True,True
Mo,Brooks,R,,,,,,,,,27586834.0,Q1941306,Mo_Brooks,Mo Brooks,male,white,,1954-04-29,,"32.77611,-79.9325",,4.0,True,True,True,True
Terri,Sewell,D,,,,,,,,,22136277.0,Q461621,Terri_Sewell,Terri Sewell,female,black,,1965-01-01,,"34.71361,-86.58611",,4.0,True,True,True,True
Don,Young,R,,,,,,,,,407894.0,Q1239590,Don_Young,Don Young,male,white,anglicanism,1933-06-09,,"39.14056,-121.90778",,4.0,True,True,True,True
Raúl,Grijalva,D,,,,,,,,,408529.0,Q946606,Raúl_Grijalva,Raúl M. Grijalva,male,hispanic,catholicism,1948-02-19,,"32.22167,-110.92639",,4.0,True,True,True,True
Paul,Gosar,R,,,,,,,,,28573666.0,Q2059832,Paul_Gosar,Paul Gosar,male,white,,1958-11-27,,"41.585,-109.22139",,4.0,True,True,True,True
David,Schweikert,R,,,,,,,,,16166136.0,Q1176561,David_Schweikert,David Schweikert,male,white,,1962-03-03,,"34.05,-118.25",,4.0,True,True,True,True
Rick,Crawford,R,,,,,,,,,28573959.0,Q2151554,Rick_Crawford_(politician),Rick Crawford,male,white,,1966-01-22,,"25.46872,-80.47756",,4.0,True,True,True,True
Steve,Womack,R,,,,,,,,,28033707.0,Q1029527,Steve_Womack,Steve Womack,male,white,,1957-02-18,,"35.2783,-93.1369",,4.0,True,True,True,True
Doug,LaMalfa,R,,,,,,,,,9434506.0,Q1703840,Doug_LaMalfa,Doug LaMalfa,male,white,,1960-07-02,,"39.51389,-121.3925",,4.0,True,True,True,True
Jared,Huffman,D,,,,,,,,,7432015.0,Q3276717,Jared_Huffman,Jared Huffman,male,white,,1964-02-18,,"39.08333,-94.41667",,4.0,True,True,True,True
John,Garamendi,D,,,,,,,,,1602620.0,Q1340268,John_Garamendi,John Garamendi,male,hispanic,,1945-01-24,,"29.9519,-81.9799",,4.0,True,True,True,True
Tom,McClintock,R,,,,,,,,,295706.0,Q535887,Tom_McClintock,Tom McClintock,male,white,,1956-07-10,,"40.94,-73.82611",,4.0,True,True,True,True
Mike,Thompson,D,,,,,,,,,408609.0,Q1323196,Mike_Thompson_(California_politician),Mike Thompson,male,white,catholicism,1951-01-24,,"38.50278,-122.46972",,4.0,True,True,True,True
Doris,Matsui,D,,,,,,,,,1548355.0,Q399561,Doris_Matsui,Doris Matsui,female,asian,protestantism methodist,1944-09-25,,,,4.0,True,True,True,True
Paul,Cook,R,,,,,,,,,9435059.0,Q3408766,Paul_Cook_(politician),Paul Cook,male,white,,1943-03-03,,"41.53667,-72.79472",,4.0,True,True,True,True
Jerry,McNerney,D,,,,,,,,,2712157.0,Q1344743,Jerry_McNerney,Jerry McNerney,male,white,,1951-06-18,,"35.11667,-106.61667",,4.0,True,True,True,True
Barbara,Lee,D,,,,,,,,,408652.0,Q289317,Barbara_Lee,Barbara Lee,female,white,protestantism baptist,1946-07-16,,"31.79028,-106.42333",,4.0,True,True,True,True
Jackie,Speier,D,,,,,,,,,2070255.0,Q218544,Jackie_Speier,Jackie Speier,female,white,,1950-05-14,,"37.76667,-122.43333",,4.0,True,True,True,True
Jim,Costa,D,,,,,,,,,1162310.0,Q675869,Jim_Costa,Jim Costa,male,white,catholicism,1952-04-13,,"36.78167,-119.79222",,4.0,True,True,True,True
Anna,Eshoo,D,,,,,,,,,408815.0,Q291193,Anna_Eshoo,Anna G. Eshoo,female,white,catholicism,1942-12-13,,"41.675,-72.78722",,4.0,True,True,True,True
Zoe,Lofgren,D,,,,,,,,,408829.0,Q218217,Zoe_Lofgren,Zoe Lofgren,female,white,protestantism lutheran,1947-12-21,,"37.55417,-122.31306",,4.0,True,True,True,True
Devin,Nunes,R,,,,,,,,,408872.0,Q539493,Devin_Nunes,Devin Nunes,male,white,catholicism,1973-10-01,,"36.20667,-119.3425",,4.0,True,True,True,True
Kevin,McCarthy,R,,,,,,,,,2337119.0,Q766866,Kevin_McCarthy_(California_politician),Kevin McCarthy,male,white,,1965-01-26,,"35.40583,-119.01861",,4.0,True,True,True,True
Judy,Chu,D,,,,,,,,,7197854.0,Q460035,Judy_Chu,Judy Chu,female,asian,,1953-07-07,,"34.05,-118.25",,4.0,True,True,True,True
Tony,Cardenas,D,,,,,,,,,4680057.0,Q3620422,Tony_Cárdenas,Tony Cardenas,male,hispanic,,1963-03-31,,"34.2625,-118.42611",,4.0,True,True,True,True
Brad,Sherman,D,,,,,,,,,408917.0,Q672919,Brad_Sherman,Brad Sherman,male,white,judaism,1954-10-24,,"34.04917,-118.13556",,4.0,True,True,True,True
Grace,Napolitano,D,,,,,,,,,409037.0,Q469139,Grace_Napolitano,Grace Napolitano,female,hispanic,catholicism,1936-12-04,,"25.93028,-97.48444",,4.0,True,True,True,True
Raul,Ruiz,D,,,,,,,,,4908339.0,Q3701994,Raul_Ruiz_(politician),Raul Ruiz,male,hispanic,,1972-08-25,,"22.77167,-102.57528",,4.0,True,True,True,True
Karen,Bass,D,,,,,,,,,8722536.0,Q461739,Karen_Bass,Karen Bass,female,black,,1953-10-03,,"34.05,-118.25",,4.0,True,True,True,True
Linda,Sánchez,D,,,,,,,,,409644.0,Q291143,Linda_Sánchez,Linda Sánchez,female,hispanic,catholicism,1969-01-28,,"33.80306,-117.8325",,4.0,True,True,True,True
Lucille,Roybal-Allard,D,,,,,,,,,409003.0,Q469115,Lucille_Roybal-Allard,Lucille Roybal-Allard,female,hispanic,catholicism,1941-06-12,,"34.03389,-118.20444",,4.0,True,True,True,True
Mark,Takano,D,,,,,,,,,37017445.0,Q399593,Mark_Takano,Mark Takano,male,asian,,1960-12-10,,"33.94806,-117.39613",,4.0,True,True,True,True
Ken,Calvert,R,,,,,,,,,409679.0,Q538978,Ken_Calvert,Ken Calvert,male,white,protestantism,1953-06-08,,"33.86667,-117.56667",,4.0,True,True,True,True
Maxine,Waters,D,,,,,,,,,409013.0,Q461727,Maxine_Waters,Maxine Waters,female,black,catholicism,1938-08-15,,"38.74028,-90.32306",,4.0,True,True,True,True
Alan,Lowenthal,D,,,,,,,,,8792865.0,Q3740782,Alan_Lowenthal,Alan Lowenthal,male,white,,1941-03-08,,"40.72833,-73.99417",,4.0,True,True,True,True
Duncan,Hunter,R,,,,,,,,,17910806.0,Q540521,Duncan_D._Hunter,Duncan Hunter,male,white,protestantism baptist,1976-12-07,,"32.715,-117.1625",,4.0,True,True,True,True
Juan,Vargas,D,,,,,,,,,2359039.0,Q3791701,Juan_Vargas,Juan Vargas,male,hispanic,catholicism,1961-03-07,,"32.67806,-117.09917",,4.0,True,True,True,True
Scott,Peters,D,,,,,,,,,11933452.0,Q3791514,Scott_Peters_(politician),Scott Peters,male,white,,1958-06-17,,"39.92694,-83.80417",,4.0,True,True,True,True
Susan,Davis,D,,,,,,,,,409734.0,Q460675,Susan_Davis_(politician),Susan Davis,female,white,judaism,1944-04-13,,"42.375,-71.10611",,4.0,True,True,True,True
Diana,DeGette,D,,,,,,,,,410119.0,Q437159,Diana_DeGette,Diana DeGette,female,white,protestantism reformed,1957-07-29,,"35.69389,139.41944",,4.0,True,True,True,True
Scott,Tipton,R,,,,,,,,,4176183.0,Q782994,Scott_Tipton,Scott Tipton,male,white,,1956-11-09,,"36.00194,-106.06472",,4.0,True,True,True,True
Doug,Lamborn,R,,,,,,,,,6144369.0,Q371106,Doug_Lamborn,Doug Lamborn,male,white,,1954-05-24,,"39.3111,-94.9225",,4.0,True,True,True,True
Ed,Perlmutter,D,,,,,,,,,2564157.0,Q331507,Ed_Perlmutter,Ed Perlmutter,male,white,,1953-05-01,,"39.73917,-104.98472",,4.0,True,True,True,True
John,Larson,D,,,,,,,,,410165.0,Q357832,John_B._Larson,John Larson,male,white,catholicism,1948-07-22,,"41.76333,-72.685",,4.0,True,True,True,True
Joe,Courtney,D,,,,,,,,,2274386.0,Q434470,Joe_Courtney_(politician),Joe Courtney,male,white,catholicism,1953-04-06,,"41.76333,-72.685",,4.0,True,True,True,True
Rosa,DeLauro,D,,,,,,,,,410173.0,Q434952,Rosa_DeLauro,Rosa L. DeLauro,female,white,catholicism,1943-03-02,,"41.30833,-72.925",,4.0,True,True,True,True
Ted,Yoho,R,,,,,,,,,35461981.0,Q3090476,Ted_Yoho,Ted Yoho,male,white,catholicism,1955-04-13,,"44.9733,-93.2643",,4.0,True,True,True,True
Bill,Posey,R,,,,,,,,,9255511.0,Q862373,Bill_Posey,Bill Posey,male,white,protestantism methodist,1947-12-18,,"38.895,-77.03667",,4.0,True,True,True,True
Daniel,Webster,R,,,,,,,,,13719578.0,Q1163099,Daniel_Webster_(Florida_politician),Daniel Webster,male,white,,1949-04-27,,"38.34722,-81.63333",,4.0,True,True,True,True
Gus,Bilirakis,R,,,,,,,,,5648306.0,Q1555314,Gus_Bilirakis,Gus Bilirakis,male,white,orthodox eastern,1963-02-08,,"29.66528,-82.33611",,4.0,True,True,True,True
Kathy,Castor,D,,,,,,,,,5508806.0,Q458492,Kathy_Castor,Kathy Castor,female,white,,1966-08-20,,"25.78333,-80.21667",,4.0,True,True,True,True
Vern,Buchanan,R,,,,,,,,,6870542.0,Q2517229,Vern_Buchanan,Vern Buchanan,male,white,,1951-05-08,,"42.33167,-83.0475",,4.0,True,True,True,True
Alcee,Hastings,D,,,,,,,,,411264.0,Q1758631,Alcee_Hastings,Alcee L. Hastings,male,black,protestantism methodist,1936-09-05,,"28.66139,-81.39194",,4.0,True,True,True,True
Lois,Frankel,D,,,,,,,,,31254090.0,Q3182451,Lois_Frankel,Lois Frankel,female,white,,1948-05-17,,"40.67,-73.94",,4.0,True,True,True,True
Frederica,Wilson,D,,,,,,,,,13719198.0,Q461504,Frederica_Wilson,Frederica Wilson,female,black,,1942-11-05,,"25.78333,-80.21667",,4.0,True,True,True,True
Mario,Diaz-Balart,R,,,,,,,,,411276.0,Q767270,Mario_Díaz-Balart,Mario Diaz-Balart,male,hispanic,catholicism,1961-09-25,,"26.13583,-80.14194",,4.0,True,True,True,True
Sanford,Jr.,D,,,,,,,,,411731.0,Q983428,Sanford_Bishop,"Sanford D. Bishop, Jr.",male,black,protestantism baptist,1947-02-04,,"30.72767,-88.05267",,4.0,True,True,True,True
Hank,Johnson,D,,,,,,,,,6031063.0,Q983537,Hank_Johnson,Hank Johnson,male,black,soka gakkai,1954-10-02,,"38.895,-77.03667",,4.0,True,True,True,True
Rob,Woodall,R,,,,,,,,,28722293.0,Q2156128,Rob_Woodall,Rob Woodall,male,white,,1970-02-11,,"33.95528,-83.38306",,4.0,True,True,True,True
Austin,Scott,R,,,,,,,,,23939531.0,Q781167,Austin_Scott_(politician),Austin Scott,male,white,,1969-12-10,,"33.47,-81.975",,4.0,True,True,True,True
Doug,Collins,R,,,,,,,,,36893778.0,Q3162841,Doug_Collins_(politician),Doug Collins,male,white,,1966-08-16,,"34.3044,-83.8339",,4.0,True,True,True,True
David,Scott,D,,,,,,,,,411853.0,Q132071,David_Scott_(Georgia_politician),David Scott,male,black,protestantism baptist,1945-06-27,,"33.99778,-79.2025",,4.0,True,True,True,True
Tom,Graves,R,,,,,,,,,27452031.0,Q1647301,Tom_Graves,Tom Graves,male,white,,1970-02-03,,"27.77306,-82.64",,4.0,True,True,True,True
Tulsi,Gabbard,D,,,,,,,,,26328774.0,Q32620,Tulsi_Gabbard,Tulsi Gabbard,female,islander,hindu,1981-04-12,,"-14.2667,-170.667",,4.0,True,True,True,True
Michael,Simpson,R,,,,,,,,,411870.0,Q549521,Mike_Simpson,Michael K. Simpson,male,white,protestantism restorationism,1950-09-08,,"42.53611,-113.79278",,4.0,True,True,True,True
Bobby,Rush,D,,,,,,,,,411889.0,Q888599,Bobby_Rush,Bobby Rush,male,black,protestantism,1946-11-23,,"31.58222,-84.16556",,4.0,True,True,True,True
Robin,Kelly,D,,,,,,,,,6520375.0,Q3437091,Robin_Kelly,Robin Kelly,female,black,,1956-04-30,,"40.67,-73.94",,4.0,True,True,True,True
Dan,Lipinski,D,,,,,,,,,1422461.0,Q518424,Dan_Lipinski,Dan Lipinski,male,white,catholicism,1966-07-15,,"41.88194,-87.62778",,4.0,True,True,True,True
Michael,Quigley,D,,,,,,,,,5895960.0,Q465767,Mike_Quigley_(politician),Michael Quigley,male,white,,1958-10-17,,"39.76778,-86.15806",,4.0,True,True,True,True
Danny,Davis,D,,,,,,,,,412062.0,Q1164657,Danny_K._Davis,Danny K. Davis,male,black,protestantism baptist,1941-09-06,,"33.12167,-91.5475",,4.0,True,True,True,True
Janice,Schakowsky,D,,,,,,,,,412083.0,Q440885,Jan_Schakowsky,Janice D. Schakowsky,female,white,judaism,1944-05-26,,"41.88194,-87.62778",,4.0,True,True,True,True
Bill,Foster,D,,,,,,,,,11728202.0,Q2903389,Bill_Foster_(politician),Bill Foster,male,white,,1955-10-07,,"43.07472,-89.38444",,4.0,True,True,True,True
Rodney,Davis,R,,,,,,,,,35907710.0,Q134035,Rodney_Davis_(politician),Rodney L. Davis,male,white,,1970-01-05,,"41.59083,-93.62083",,4.0,True,True,True,True
John,Shimkus,R,,,,,,,,,412158.0,Q1701747,John_Shimkus,John Shimkus,male,white,protestantism lutheran,1958-02-21,,"38.6744,-89.9953",,4.0,True,True,True,True
Adam,Kinzinger,R,,,,,,,,,22201400.0,Q349955,Adam_Kinzinger,Adam Kinzinger,male,white,,1978-02-27,,"41.12,-87.86",,4.0,True,True,True,True
Peter,Visclosky,D,,,,,,,,,391317.0,Q514660,Pete_Visclosky,Peter J. Visclosky,male,white,catholicism,1949-08-13,,"41.58083,-87.34556",,4.0,True,True,True,True
Jackie,Walorski,R,,,,,,,,,7426512.0,Q3157413,Jackie_Walorski,Jackie Walorski,female,white,protestantism evangelical,1963-08-17,,"41.67639,-86.25028",,4.0,True,True,True,True
Susan,Brooks,R,,,,,,,,,35769832.0,Q3225324,Susan_Brooks,Susan Brooks,female,white,,1960-08-25,,"41.36699,-85.05886",,4.0,True,True,True,True
André,Carson,D,,,,,,,,,30205998.0,Q517649,André_Carson,André Carson,male,black,islam,1974-10-16,,"39.76778,-86.15806",,4.0,True,True,True,True
Larry,Bucshon,R,,,,,,,,,27864627.0,Q944286,Larry_Bucshon,Larry Bucshon,male,white,protestantism lutheran,1962-05-31,,"39.54083,-89.28806",,4.0,True,True,True,True
David,Loebsack,D,,,,,,,,,6872479.0,Q771586,Dave_Loebsack,David Loebsack,male,white,,1952-12-23,,"42.49806,-96.39556",,4.0,True,True,True,True
Steve,King,R,,,,,,,,,412938.0,Q749710,Steve_King,Steve King,male,white,catholicism,1949-05-28,,"42.64361,-95.20194",,4.0,True,True,True,True
Brett,Guthrie,R,,,,,,,,,16905071.0,Q910794,Brett_Guthrie,Brett Guthrie,male,white,,1964-02-18,,"34.82028,-87.66278",,4.0,True,True,True,True
John,Yarmuth,D,,,,,,,,,3983746.0,Q699970,John_Yarmuth,John Yarmuth,male,white,judaism,1947-11-04,,"38.25417,-85.76028",,4.0,True,True,True,True
Thomas,Massie,R,,,,,,,,,28005891.0,Q2426031,Thomas_Massie,Thomas Massie,male,white,,1971-01-13,,"38.42083,-82.42361",,4.0,True,True,True,True
Hal,Rogers,R,,,,,,,,,414448.0,Q547153,Hal_Rogers,Hal Rogers,male,white,protestantism baptist,1937-12-31,,"36.76889,-84.76722",,4.0,True,True,True,True
Andy,Barr,R,,,,,,,,,37570631.0,Q3828645,Andy_Barr_(American_politician),Andy Barr,male,white,,1973-07-24,,"38.02972,-84.49472",,4.0,True,True,True,True
Cedric,Richmond,D,,,,,,,,,26323292.0,Q561284,Cedric_Richmond,Cedric Richmond,male,black,,1973-09-13,,"29.96667,-90.05",,4.0,True,True,True,True
Chellie,Pingree,D,,,,,,,,,1609874.0,Q457243,Chellie_Pingree,Chellie Pingree,female,white,protestantism evangelical,1955-04-02,,"44.9733,-93.2643",,4.0,True,True,True,True
Andrew,Harris,R,,,,,,,,,9338058.0,Q506639,Andy_Harris_(politician),Andrew Harris,male,white,,1957-01-25,,"40.69278,-73.99028",,4.0,True,True,True,True
Dutch,Ruppersberger,D,,,,,,,,,414531.0,Q981559,Dutch_Ruppersberger,Dutch Ruppersberger,male,white,protestantism methodist,1946-01-31,,"39.28639,-76.615",,4.0,True,True,True,True
John,Sarbanes,D,,,,,,,,,3227358.0,Q984509,John_Sarbanes,John Sarbanes,male,white,,1962-05-22,,"39.28639,-76.615",,4.0,True,True,True,True
Steny,Hoyer,D,,,,,,,,,414552.0,Q516515,Steny_Hoyer,Steny H. Hoyer,male,white,protestantism baptist,1939-06-14,,"40.67,-73.94",,4.0,True,True,True,True
Elijah,Cummings,D,,,,,,,,,414574.0,Q934898,Elijah_Cummings,Elijah Cummings,male,black,protestantism baptist,1951-01-18,,"39.28639,-76.615",,4.0,True,True,True,True
Richard,Neal,D,,,,,,,,,440800.0,Q1464697,Richard_Neal,Richard E. Neal,male,white,catholicism,1949-02-14,,"42.11241,-72.54745",,4.0,True,True,True,True
Jim,McGovern,D,,,,,,,,,440807.0,Q1337459,Jim_McGovern_(American_politician),Jim McGovern,male,white,catholicism,1959-11-20,,"42.27139,-71.79889",,4.0,True,True,True,True
Joseph,III,D,,,,,,,,,34500244.0,Q1707784,Joe_Kennedy_III,Joseph P. Kennedy III,male,white,,1980-10-04,,"42.35,-71.16",,4.0,True,True,True,True
Katherine,Clark,D,,,,,,,,,29642899.0,Q6376330,Katherine_Clark,Katherine Clark,female,white,,1963-07-17,,"41.30833,-72.925",,4.0,True,True,True,True
Stephen,Lynch,D,,,,,,,,,440836.0,Q2344921,Stephen_F._Lynch,Stephen Lynch,male,white,catholicism,1955-03-31,,"42.35778,-71.06167",,4.0,True,True,True,True
William,Keating,D,,,,,,,,,25616173.0,Q775412,Bill_Keating_(politician),William Keating,male,white,,1952-09-06,,"42.19444,-71.2",,4.0,True,True,True,True
Bill,Huizenga,R,,,,,,,,,21118339.0,Q862199,Bill_Huizenga,Bill Huizenga,male,white,,1969-01-31,,"42.8125,-86.01861",,4.0,True,True,True,True
Justin,Amash,R,,,,,,,,,27476249.0,Q1714165,Justin_Amash,Justin Amash,male,white,,1980-04-18,,"42.96125,-85.65572",,4.0,True,True,True,True
Dan,Kildee,D,,,,,,,,,37018031.0,Q3880272,Dan_Kildee,Dan Kildee,male,white,,1958-08-11,,"43.01889,-83.69333",,4.0,True,True,True,True
Fred,Upton,R,,,,,,,,,468360.0,Q505236,Fred_Upton,Fred Upton,male,white,protestantism,1953-04-23,,"42.09806,-86.48417",,4.0,True,True,True,True
Tim,Walberg,R,,,,,,,,,5203142.0,Q978618,Tim_Walberg,Tim Walberg,male,white,,1951-04-12,,"41.88194,-87.62778",,4.0,True,True,True,True
Betty,McCollum,D,,,,,,,,,404905.0,Q434893,Betty_McCollum,Betty McCollum,female,white,catholicism,1954-07-12,,"44.9733,-93.2643",,4.0,True,True,True,True
Collin,Peterson,D,,,,,,,,,493581.0,Q434458,Collin_Peterson,Collin C. Peterson,male,white,protestantism lutheran,1944-06-29,,"46.87722,-96.78944",,4.0,True,True,True,True
Steven,Palazzo,R,,,,,,,,,27586261.0,Q24230,Steven_Palazzo,Steven Palazzo,male,white,,1970-02-21,,"30.4,-89.06667",,4.0,True,True,True,True
William,Jr.,D,,,,,,,,,409204.0,Q959455,Lacy_Clay,"William Lacy Clay, Jr.",male,white,catholicism,1956-07-27,,"38.61667,-90.2",,4.0,True,True,True,True
Ann,Wagner,R,,,,,,,,,2592512.0,Q3917251,Ann_Wagner,Ann Wagner,female,white,,1962-09-13,,"38.61667,-90.2",,4.0,True,True,True,True
Blaine,Luetkemeyer,R,,,,,,,,,19976669.0,Q522181,Blaine_Luetkemeyer,Blaine Luetkemeyer,male,white,,1952-05-07,,"38.57667,-92.17361",,4.0,True,True,True,True
Vicky,Hartzler,R,,,,,,,,,25663335.0,Q375389,Vicky_Hartzler,Vicky Hartzler,female,white,,1960-10-13,,"38.4825,-94.3525",,4.0,True,True,True,True
Emanuel,Cleaver,D,,,,,,,,,1160411.0,Q1334654,Emanuel_Cleaver,Emanuel Cleaver,male,black,protestantism methodist,1944-10-26,,"32.39972,-96.84722",,4.0,True,True,True,True
Sam,Graves,R,,,,,,,,,961504.0,Q465638,Sam_Graves,Sam Graves,male,white,protestantism baptist,1963-11-07,,"40.4411,-95.3828",,4.0,True,True,True,True
Bill,Long,R,,,,,,,,,29477282.0,Q863171,Billy_Long,Bill Long,male,white,protestantism reformed,1955-08-11,,"37.195,-93.28611",,4.0,True,True,True,True
Jason,Smith,R,,,,,,,,,30501036.0,Q6163589,Jason_Smith_(politician),Jason T. Smith,male,white,,1980-06-16,,"38.61667,-90.2",,4.0,True,True,True,True
Jeff,Fortenberry,R,,,,,,,,,1184436.0,Q1397331,Jeff_Fortenberry,Jeff Fortenberry,male,white,catholicism,1960-12-27,,"30.4475,-91.17861",,4.0,True,True,True,True
Adrian,Smith,R,,,,,,,,,4484938.0,Q373443,Adrian_Smith_(politician),Adrian Smith,male,white,,1970-12-19,,"41.86722,-103.66083",,4.0,True,True,True,True
Dina,Titus,D,,,,,,,,,2495543.0,Q524440,Dina_Titus,Dina Titus,female,white,,1950-05-23,,"30.8364,-83.9783",,4.0,True,True,True,True
Mark,Amodei,R,,,,,,,,,13224106.0,Q23944,Mark_Amodei,Mark Amodei,male,white,,1958-06-12,,"39.16083,-119.75389",,4.0,True,True,True,True
Donald,Norcross,D,,,,,,,,,24955931.0,Q5294942,Donald_Norcross,Donald Norcross,male,white,,1958-12-13,,"39.9368,-75.1066",,4.0,True,True,True,True
Chris,Smith,R,,,,,,,,,694740.0,Q981167,Chris_Smith_(New_Jersey_politician),Chris Smith,male,white,catholicism,1953-03-04,,"40.60722,-74.28111",,4.0,True,True,True,True
Albio,Sires,D,,,,,,,,,2907738.0,Q527509,Albio_Sires,Albio Sires,male,hispanic,,1951-01-26,,"22.93278,-82.38694",,4.0,True,True,True,True
Bill,Pascrell,D,,,,,,,,,964457.0,Q529090,Bill_Pascrell,"Bill Pascrell, Jr.",male,white,catholicism,1937-01-25,,"40.91556,-74.16306",,4.0,True,True,True,True
Donald,Payne,D,,,,,,,,,35941258.0,Q1240224,Donald_Payne_Jr.,Donald Payne Jr.,male,black,,1958-12-16,,"40.73528,-74.185",,4.0,True,True,True,True
Ben,Lujan,D,,,,,,,,,16939161.0,Q324256,Ben_Ray_Luján,Ben Lujan,male,hispanic,,1972-06-07,,"35.66667,-105.96667",,4.0,True,True,True,True
Peter,King,R,,,,,,,,,960364.0,Q953554,Peter_T._King,Peter T. King,male,white,catholicism,1944-04-05,,"40.72833,-73.99417",,4.0,True,True,True,True
Gregory,Meeks,D,,,,,,,,,30876298.0,Q1545391,Gregory_Meeks,Gregory W. Meeks,male,black,protestantism methodist,1953-09-25,,"40.79796,-73.94005",,4.0,True,True,True,True
Nydia,Velázquez,D,,,,,,,,,948525.0,Q434890,Nydia_Velázquez,Nydia M. Velázquez,female,hispanic,catholicism,1953-03-28,,"18.05056,-65.87944",,4.0,True,True,True,True
Yvette,Clarke,D,,,,,,,,,2045683.0,Q461679,Yvette_Clarke,Yvette D. Clarke,female,black,anglicanism,1964-11-21,,"40.67,-73.94",,4.0,True,True,True,True
José,Serrano,D,,,,,,,,,945385.0,Q460267,José_E._Serrano,José E. Serrano,male,hispanic,catholicism,1943-10-24,,"18.20111,-67.13972",,4.0,True,True,True,True
Eliot,Engel,D,,,,,,,,,963053.0,Q1329618,Eliot_Engel,Eliot L. Engel,male,white,judaism,1947-02-18,,"40.67,-73.94",,4.0,True,True,True,True
Tom,Reed,R,,,,,,,,,24090330.0,Q2440035,Tom_Reed_(politician),Tom Reed,male,white,,1971-11-18,,"41.5225,-88.14056",,4.0,True,True,True,True
Brian,Higgins,D,,,,,,,,,1184405.0,Q505581,Brian_Higgins,Brian Higgins,male,white,catholicism,1959-10-06,,"42.90472,-78.84944",,4.0,True,True,True,True
Chris,Collins,R,,,,,,,,,14122304.0,Q5106218,Chris_Collins_(American_politician),Chris Collins,male,white,,1950-05-20,,"42.80417,-73.92917",,4.0,True,True,True,True
G.,Butterfield,D,,,,,,,,,850143.0,Q983532,G._K._Butterfield,G. K. Butterfield,male,black,protestantism baptist,1947-04-27,,"35.73106,-77.92831",,4.0,True,True,True,True
Walter,Jones,R,,,,,,,,,850160.0,Q512537,Walter_B._Jones_Jr.,Walter B. Jones,male,white,catholicism,1943-02-10,,"35.5942,-77.5872",,4.0,True,True,True,True
David,Price,D,,,,,,,,,706615.0,Q984010,David_Price_(American_politician),David Price,male,white,protestantism baptist,1940-08-17,,"36.145,-82.41083",,4.0,True,True,True,True
Virginia,Foxx,R,,,,,,,,,451717.0,Q458453,Virginia_Foxx,Virginia Foxx,female,white,catholicism,1943-06-29,,"40.67,-73.94",,4.0,True,True,True,True
Richard,Hudson,R,,,,,,,,,36893920.0,Q3956999,Richard_Hudson_(American_politician),Richard Hudson,male,white,,1971-11-04,,"36.67495,-76.9308",,4.0,True,True,True,True
Patrick,McHenry,R,,,,,,,,,451646.0,Q2057809,Patrick_McHenry,Patrick McHenry,male,white,catholicism,1975-10-22,,"35.25528,-81.18028",,4.0,True,True,True,True
Mark,Meadows,R,,,,,,,,,36888036.0,Q3956796,Mark_Meadows_(North_Carolina_politician),Mark Meadows,male,white,,1959-07-28,,"49.15972,5.38278",,4.0,True,True,True,True
Alma,Adams,D,,,,,,,,,451590.0,Q4733597,Alma_Adams,Alma Adams,female,black,,1946-05-27,,"35.97056,-79.9975",,4.0,True,True,True,True
George,Holding,R,,,,,,,,,33542651.0,Q3956828,George_Holding,George Holding,male,white,,1968-04-17,,"35.81889,-78.64472",,4.0,True,True,True,True
Steve,Chabot,R,,,,,,,,,703451.0,Q506694,Steve_Chabot,Steve Chabot,male,white,catholicism,1953-01-22,,"39.13333,-84.5",,4.0,True,True,True,True
Brad,Wenstrup,R,,,,,,,,,34991505.0,Q892413,Brad_Wenstrup,Brad Wenstrup,male,white,,1958-06-17,,"39.13333,-84.5",,4.0,True,True,True,True
Joyce,Beatty,D,,,,,,,,,881669.0,Q976417,Joyce_Beatty,Joyce Beatty,female,black,,1950-03-12,,"39.76667,-84.2",,4.0,True,True,True,True
Jim,Jordan,R,,,,,,,,,1238368.0,Q186215,Jim_Jordan_(American_politician),Jim Jordan,male,white,,1964-02-17,,"40.1108,-83.7514",,4.0,True,True,True,True
Bob,Latta,R,,,,,,,,,13112396.0,Q888061,Bob_Latta,Bob Latta,male,white,,1956-04-18,,"40.8939,-83.8917",,4.0,True,True,True,True
Bill,Johnson,R,,,,,,,,,29461208.0,Q862215,Bill_Johnson_(Ohio_politician),Bill Johnson,male,white,,1954-11-10,,"34.9525,-78.51056",,4.0,True,True,True,True
Bob,Gibbs,R,,,,,,,,,2600589.0,Q887945,Bob_Gibbs,Bob Gibbs,male,white,,1954-06-14,,"40.7578,-86.0678",,4.0,True,True,True,True
Marcy,Kaptur,D,,,,,,,,,766958.0,Q436537,Marcy_Kaptur,Marcy Kaptur,female,white,catholicism,1946-06-17,,"41.66667,-83.58333",,4.0,True,True,True,True
Mike,Turner,R,,,,,,,,,703501.0,Q505722,Mike_Turner,Mike Turner,male,white,protestantism reformed,1960-01-11,,"39.76667,-84.2",,4.0,True,True,True,True
Marcia,Fudge,D,,,,,,,,,19286605.0,Q461746,Marcia_Fudge,Marcia Fudge,female,black,,1952-10-29,,"41.48222,-81.66972",,4.0,True,True,True,True
Tim,Ryan,D,,,,,,,,,767470.0,Q513960,Tim_Ryan_(politician),Tim Ryan,male,white,catholicism,1973-07-16,,"41.18528,-80.75722",,4.0,True,True,True,True
David,Joyce,R,,,,,,,,,36691281.0,Q976778,David_Joyce_(politician),David Joyce,male,white,,1957-03-17,,"41.48222,-81.66972",,4.0,True,True,True,True
Steve,Stivers,R,,,,,,,,,3182821.0,Q324099,Steve_Stivers,Steve Stivers,male,white,,1965-03-24,,"38.7394,-83.8411",,4.0,True,True,True,True
Markwayne,Mullin,R,,,,,,,,,37205890.0,Q3448772,Markwayne_Mullin,Markwayne Mullin,male,native,,1977-07-26,,"36.13139,-95.93722",,4.0,True,True,True,True
Frank,Lucas,R,,,,,,,,,47725651.0,Q246049,Frank_Lucas_(Oklahoma_politician),Frank Lucas,male,white,protestantism baptist,1960-01-06,,"35.6125,-99.67389",,4.0,True,True,True,True
Tom,Cole,R,,,,,,,,,962197.0,Q173839,Tom_Cole,Tom Cole,male,native,protestantism methodist,1949-04-28,,"32.50821,-93.76296",,4.0,True,True,True,True
Suzanne,Bonamici,D,,,,,,,,,10174089.0,Q45946,Suzanne_Bonamici,Suzanne Bonamici,female,white,,1954-10-14,,"42.33167,-83.0475",,4.0,True,True,True,True
Greg,Walden,R,,,,,,,,,699507.0,Q1397359,Greg_Walden,Greg Walden,male,white,anglicanism,1957-01-10,,"45.60111,-121.18278",,4.0,True,True,True,True
Earl,Blumenauer,D,,,,,,,,,699496.0,Q748066,Earl_Blumenauer,Earl Blumenauer,male,white,,1948-08-16,,"45.51667,-122.66667",,4.0,True,True,True,True
Peter,DeFazio,D,,,,,,,,,699474.0,Q1758507,Peter_DeFazio,Peter A. DeFazio,male,white,catholicism,1947-05-27,,"42.28333,-71.23333",,4.0,True,True,True,True
Kurt,Schrader,D,,,,,,,,,16936033.0,Q1387868,Kurt_Schrader,Kurt Schrader,male,white,,1951-10-19,,"41.18333,-73.2",,4.0,True,True,True,True
Mike,Kelly,R,,,,,,,,,28932861.0,Q1431761,Mike_Kelly_(Pennsylvania_politician),Mike Kelly,male,white,,1948-05-10,,"40.86056,-79.89472",,4.0,True,True,True,True
Scott,Perry,R,,,,,,,,,19558869.0,Q7437040,Scott_Perry_(politician),Scott Perry,male,white,,1962-05-27,,"32.715,-117.1625",,4.0,True,True,True,True
Glenn,Thompson,R,,,,,,,,,16879645.0,Q1531120,Glenn_Thompson_(politician),Glenn Thompson,male,white,,1959-07-27,,"40.91472,-77.77472",,4.0,True,True,True,True
Tom,Marino,R,,,,,,,,,29194432.0,Q2439864,Tom_Marino,Tom Marino,male,white,,1952-08-13,,"41.2444,-77.0186",,4.0,True,True,True,True
Michael,Doyle,D,,,,,,,,,962284.0,Q1344200,Michael_F._Doyle,Michael F. Doyle,male,white,catholicism,1953-08-05,,"40.42222,-79.88611",,4.0,True,True,True,True
Matt,Cartwright,D,,,,,,,,,36081906.0,Q4111531,Matt_Cartwright,Matt Cartwright,male,white,,1961-05-01,,"42.12956,-80.08521",,4.0,True,True,True,True
James,Langevin,D,,,,,,,,,597070.0,Q1397290,James_Langevin,James Langevin,male,white,catholicism,1964-04-22,,"41.83083,-71.415",,4.0,True,True,True,True
Joe,Wilson,R,,,,,,,,,960817.0,Q928855,Joe_Wilson_(American_politician),Joe Wilson,male,white,protestantism reformed,1947-07-31,,"32.77611,-79.9325",,4.0,True,True,True,True
Jeff,Duncan,R,,,,,,,,,28875165.0,Q1027026,Jeff_Duncan_(politician),Jeff Duncan,male,white,,1966-01-07,,"34.39667,-82.245",,4.0,True,True,True,True
James,Clyburn,D,,,,,,,,,784733.0,Q1289889,Jim_Clyburn,James E. Clyburn,male,black,protestantism methodist,1940-07-21,,"33.92056,-80.34472",,4.0,True,True,True,True
Tom,Rice,R,,,,,,,,,36458259.0,Q3956858,Tom_Rice,Tom Rice,male,white,,1957-08-04,,"32.77611,-79.9325",,4.0,True,True,True,True
Phil,Roe,R,,,,,,,,,18766171.0,Q1665842,Phil_Roe_(politician),Phil Roe,male,white,,1945-07-21,,"36.52972,-87.35944",,4.0,True,True,True,True
Chuck,Fleischmann,R,,,,,,,,,28873545.0,Q521959,Chuck_Fleischmann,Chuck Fleischmann,male,white,,1962-10-11,,"40.72833,-73.99417",,4.0,True,True,True,True
Scott,DesJarlais,R,,,,,,,,,25435758.0,Q2260839,Scott_DesJarlais,Scott DesJarlais,male,white,,1964-02-21,,"41.59083,-93.62083",,4.0,True,True,True,True
Jim,Cooper,D,,,,,,,,,960988.0,Q973737,Jim_Cooper,Jim Cooper,male,white,anglicanism,1954-06-19,,"36.165,-86.78389",,4.0,True,True,True,True
Steve,Cohen,D,,,,,,,,,1239533.0,Q512330,Steve_Cohen,Steve Cohen,male,white,,1949-05-24,,"35.1175,-89.97111",,4.0,True,True,True,True
Louie,Gohmert,R,,,,,,,,,1131926.0,Q532647,Louie_Gohmert,Louie Gohmert,male,white,protestantism baptist,1953-08-18,,"32.99694,-94.96806",,4.0,True,True,True,True
Kevin,Brady,R,,,,,,,,,962112.0,Q472241,Kevin_Brady,Kevin Brady,male,white,catholicism,1955-04-11,,"42.78111,-96.92694",,4.0,True,True,True,True
Al,Green,D,,,,,,,,,517069.0,Q749039,Al_Green_(politician),Al Green,male,black,protestantism baptist,1947-09-01,,"29.96667,-90.05",,4.0,True,True,True,True
Michael,McCaul,R,,,,,,,,,1132718.0,Q539509,Michael_McCaul,Michael McCaul,male,white,catholicism,1962-01-14,,"32.7825,-96.7975",,4.0,True,True,True,True
Mike,Conaway,R,,,,,,,,,1164022.0,Q538944,Mike_Conaway,Mike Conaway,male,white,protestantism baptist,1948-06-11,,"35.66278,-101.40167",,4.0,True,True,True,True
Kay,Granger,R,,,,,,,,,961487.0,Q468807,Kay_Granger,Kay Granger,female,white,protestantism methodist,1943-01-18,,"33.1261,-96.1097",,4.0,True,True,True,True
Mac,Thornberry,R,,,,,,,,,811163.0,Q539444,Mac_Thornberry,Mac Thornberry,male,white,protestantism reformed,1958-07-15,,"34.9364,-100.891",,4.0,True,True,True,True
Randy,Weber,R,,,,,,,,,36628753.0,Q4014569,Randy_Weber,Randy Weber,male,white,,1953-07-02,,"29.5544,-95.2958",,4.0,True,True,True,True
Bill,Flores,R,,,,,,,,,26953920.0,Q862103,Bill_Flores,Bill Flores,male,hispanic,,1954-02-25,,"41.14556,-104.80194",,4.0,True,True,True,True
Sheila,Jackson-Lee,D,,,,,,,,,479733.0,Q461734,Sheila_Jackson_Lee,Sheila Jackson-Lee,female,black,protestantism restorationism,1950-01-12,,"40.70417,-73.91778",,4.0,True,True,True,True
Joaquin,Castro,D,,,,,,,,,4160300.0,Q1167934,Joaquín_Castro,Joaquin Castro,male,hispanic,catholicism,1974-09-16,,"29.42861,-98.49333",,4.0,True,True,True,True
Pete,Olson,R,,,,,,,,,16835709.0,Q2073303,Pete_Olson,Pete Olson,male,white,protestantism methodist,1962-12-09,,"47.11437,-122.56459",,4.0,True,True,True,True
Kenny,Marchant,R,,,,,,,,,1166244.0,Q368184,Kenny_Marchant,Kenny Marchant,male,white,protestantism methodist,1951-02-23,,"33.58389,-96.18167",,4.0,True,True,True,True
Roger,Williams,R,,,,,,,,,3106028.0,Q4014560,Roger_Williams_(American_politician),Roger Williams,male,white,,1949-09-13,,"42.04114,-87.69006",,4.0,True,True,True,True
Michael,Burgess,R,,,,,,,,,962185.0,Q539521,Michael_C._Burgess,Michael C. Burgess,male,white,protestantism reformed,1950-12-23,,"44.0234,-92.46295",,4.0,True,True,True,True
Henry,Cuellar,D,,,,,,,,,1163464.0,Q539562,Henry_Cuellar,Henry Cuellar,male,hispanic,catholicism,1955-09-19,,"27.50611,-99.50722",,4.0,True,True,True,True
Eddie,Johnson,D,,,,,,,,,961356.0,Q461526,Eddie_Bernice_Johnson,Eddie Bernice Johnson,female,black,protestantism baptist,1935-12-03,,"31.55139,-97.15583",,4.0,True,True,True,True
John,Carter,R,,,,,,,,,20713710.0,Q369814,John_Carter_(Texas_politician),John Carter,male,white,catholicism,1941-11-06,,"29.76278,-95.38306",,4.0,True,True,True,True
Marc,Veasey,D,,,,,,,,,36608661.0,Q4068811,Marc_Veasey,Marc Veasey,male,black,,1971-01-03,,"32.75722,-97.33306",,4.0,True,True,True,True
Filemon,Vela,D,,,,,,,,,36781283.0,Q4069225,Filemon_Vela_Jr.,Filemon Vela Jr.,male,hispanic,,1963-02-13,,"26.2,-97.7",,4.0,True,True,True,True
Lloyd,Doggett,D,,,,,,,,,833550.0,Q363817,Lloyd_Doggett,Lloyd Doggett,male,white,protestantism methodist,1946-10-06,,"30.3,-97.73333",,4.0,True,True,True,True
Rob,Bishop,R,,,,,,,,,595346.0,Q433857,Rob_Bishop,Rob Bishop,male,white,protestantism restorationism,1951-07-13,,"41.03306,-111.93611",,4.0,True,True,True,True
Chris,Stewart,R,,,,,,,,,34635017.0,Q4068880,Chris_Stewart_(politician),Chris Stewart,male,white,,1960-07-15,,"41.73778,-111.83083",,4.0,True,True,True,True
Peter,Welch,D,,,,,,,,,5255966.0,Q1112656,Peter_Welch,Peter Welch,male,white,catholicism,1947-05-02,,"42.11241,-72.54745",,4.0,True,True,True,True
Rob,Wittman,R,,,,,,,,,14187724.0,Q541251,Rob_Wittman,Rob Wittman,male,white,anglicanism,1959-02-03,,"38.895,-77.03667",,4.0,True,True,True,True
Robert,Scott,D,,,,,,,,,964012.0,Q888668,Bobby_Scott_(politician),Robert C. Scott,male,asian,anglicanism,1947-04-30,,"38.895,-77.03667",,4.0,True,True,True,True
Morgan,Griffith,R,,,,,,,,,7182245.0,Q1684857,Morgan_Griffith,Morgan Griffith,male,white,anglicanism,1958-03-15,,"39.95278,-75.16361",,4.0,True,True,True,True
Suzan,DelBene,D,,,,,,,,,21763937.0,Q2091892,Suzan_DelBene,Suzan DelBene,female,white,,1962-02-17,,"32.41,-87.02",,4.0,True,True,True,True
Rick,Larsen,D,,,,,,,,,412678.0,Q503529,Rick_Larsen,Rick Larsen,male,white,protestantism methodist,1965-06-15,,"48.1811,-122.139",,4.0,True,True,True,True
Jaime,Beutler,R,,,,,,,,,14932561.0,Q168592,Jaime_Herrera_Beutler,Jaime Herrera Beutler,female,hispanic,,1978-11-03,,"34.17083,-118.25",,4.0,True,True,True,True
Cathy,McMorris,R,,,,,,,,,810136.0,Q293343,Cathy_McMorris_Rodgers,Cathy McMorris,female,white,protestantism evangelical,1969-05-22,,"44.93083,-123.02889",,4.0,True,True,True,True
Derek,Kilmer,D,,,,,,,,,16128418.0,Q4068828,Derek_Kilmer,Derek Kilmer,male,white,,1974-01-01,,"48.1131,-123.441",,4.0,True,True,True,True
Adam,Smith,D,,,,,,,,,410158.0,Q350916,Adam_Smith_(politician),Adam Smith,male,white,anglicanism,1965-06-15,,"38.895,-77.03667",,4.0,True,True,True,True
Dennis,Heck,D,,,,,,,,,2350368.0,Q4068793,Denny_Heck,Dennis Heck,male,white,,1952-07-29,,"45.63361,-122.60278",,4.0,True,True,True,True
David,McKinley,R,,,,,,,,,28512638.0,Q1175610,David_McKinley,David McKinley,male,white,,1947-03-28,,"40.07028,-80.69861",,4.0,True,True,True,True
Mark,Pocan,D,,,,,,,,,6950063.0,Q1900355,Mark_Pocan,Mark Pocan,male,white,,1964-08-14,,"42.58222,-87.84556",,4.0,True,True,True,True
Ron,Kind,D,,,,,,,,,409010.0,Q505222,Ron_Kind,Ron Kind,male,white,protestantism lutheran,1963-03-16,,"43.81333,-91.23306",,4.0,True,True,True,True
Gwen,Moore,D,,,,,,,,,1166150.0,Q461698,Gwen_Moore,Gwen Moore,female,black,protestantism baptist,1951-04-18,,"42.72611,-87.80583",,4.0,True,True,True,True
James,Sensenbrenner,R,,,,,,,,,18935446.0,Q952268,Jim_Sensenbrenner,"F. James Sensenbrenner, Jr.",male,white,anglicanism,1943-06-14,,"41.88194,-87.62778",,4.0,True,True,True,True
Sean,Duffy,R,,,,,,,,,7979337.0,Q1729888,Sean_Duffy,Sean Duffy,male,white,,1971-10-03,,"46.01,-91.48056",,4.0,True,True,True,True
Eleanor,Norton,D,,,,,,,,,309588.0,Q461649,Eleanor_Holmes_Norton,Eleanor Holmes Norton,female,black,anglicanism,1937-06-13,,"38.895,-77.03667",,4.0,True,True,True,True
Gregorio,Sablan,D,,,,,,,,,20224544.0,Q3116336,Gregorio_Sablan,Gregorio C. Sablan,male,islander,,1955-01-19,,"15.18333,145.75",,4.0,True,True,True,True
